{
  "type": "FeatureCollection",
  "features": [
    {
      "type": "Feature",
      "properties": {
        "FID": 1002,
        "LineAbbr": "G1",
        "Direction": "Westbound",
        "Sequence": 1,
        "StopId": 341,
        "StopAbbr": "WESLOONE",
        "StopName": "Richmond St & Westmoreland St Loop",
        "Lon": -75.099553,
        "Lat": 39.984253
      },
      "geometry": {
        "type": "Point",
        "coordinates": [
          -75.099553,
          39.984253
        ]
      }
    },
    {
      "type": "Feature",
      "properties": {
        "FID": 1004,
        "LineAbbr": "G1",
        "Direction": "Westbound",
        "Sequence": 2,
        "StopId": 12196,
        "StopAbbr": "RICALLSW",
        "StopName": "Richmond St & Allegheny Av",
        "Lon": -75.101437,
        "Lat": 39.983053
      },
      "geometry": {
        "type": "Point",
        "coordinates": [
          -75.101437,
          39.983053
        ]
      }
    },
    {
      "type": "Feature",
      "properties": {
        "FID": 1006,
        "LineAbbr": "G1",
        "Direction": "Westbound",
        "Sequence": 3,
        "StopId": 20979,
        "StopAbbr": "RICCLESW",
        "StopName": "Richmond St & Clearfield St",
        "Lon": -75.103782,
        "Lat": 39.981783
      },
      "geometry": {
        "type": "Point",
        "coordinates": [
          -75.103782,
          39.981783
        ]
      }
    },
    {
      "type": "Feature",
      "properties": {
        "FID": 1008,
        "LineAbbr": "G1",
        "Direction": "Westbound",
        "Sequence": 4,
        "StopId": 20981,
        "StopAbbr": "RICANNSW",
        "StopName": "Richmond St & Ann St",
        "Lon": -75.107311,
        "Lat": 39.979945
      },
      "geometry": {
        "type": "Point",
        "coordinates": [
          -75.107311,
          39.979945
        ]
      }
    },
    {
      "type": "Feature",
      "properties": {
        "FID": 1010,
        "LineAbbr": "G1",
        "Direction": "Westbound",
        "Sequence": 5,
        "StopId": 20982,
        "StopAbbr": "RICCAMSW",
        "StopName": "Richmond St & Cambria St",
        "Lon": -75.108862,
        "Lat": 39.979092
      },
      "geometry": {
        "type": "Point",
        "coordinates": [
          -75.108862,
          39.979092
        ]
      }
    },
    {
      "type": "Feature",
      "properties": {
        "FID": 1012,
        "LineAbbr": "G1",
        "Direction": "Westbound",
        "Sequence": 6,
        "StopId": 12218,
        "StopAbbr": "RICSOMSW",
        "StopName": "Richmond St & Somerset St",
        "Lon": -75.110697,
        "Lat": 39.978159
      },
      "geometry": {
        "type": "Point",
        "coordinates": [
          -75.110697,
          39.978159
        ]
      }
    },
    {
      "type": "Feature",
      "properties": {
        "FID": 1013,
        "LineAbbr": "G1",
        "Direction": "Westbound",
        "Sequence": 7,
        "StopId": 20983,
        "StopAbbr": "RICLEHSW",
        "StopName": "Richmond St & Lehigh Av",
        "Lon": -75.113101,
        "Lat": 39.976907
      },
      "geometry": {
        "type": "Point",
        "coordinates": [
          -75.113101,
          39.976907
        ]
      }
    },
    {
      "type": "Feature",
      "properties": {
        "FID": 1015,
        "LineAbbr": "G1",
        "Direction": "Westbound",
        "Sequence": 8,
        "StopId": 20984,
        "StopAbbr": "RICHUNSW",
        "StopName": "Richmond St & Huntingdon St",
        "Lon": -75.115552,
        "Lat": 39.975628
      },
      "geometry": {
        "type": "Point",
        "coordinates": [
          -75.115552,
          39.975628
        ]
      }
    },
    {
      "type": "Feature",
      "properties": {
        "FID": 1017,
        "LineAbbr": "G1",
        "Direction": "Westbound",
        "Sequence": 9,
        "StopId": 650,
        "StopAbbr": "RICCUMSW",
        "StopName": "Richmond St & Cumberland St",
        "Lon": -75.118038,
        "Lat": 39.974331
      },
      "geometry": {
        "type": "Point",
        "coordinates": [
          -75.118038,
          39.974331
        ]
      }
    },
    {
      "type": "Feature",
      "properties": {
        "FID": 1019,
        "LineAbbr": "G1",
        "Direction": "Westbound",
        "Sequence": 10,
        "StopId": 25779,
        "StopAbbr": "RICGIRSW",
        "StopName": "Richmond St & Girard Av",
        "Lon": -75.119591,
        "Lat": 39.973068
      },
      "geometry": {
        "type": "Point",
        "coordinates": [
          -75.119591,
          39.973068
        ]
      }
    },
    {
      "type": "Feature",
      "properties": {
        "FID": 1021,
        "LineAbbr": "G1",
        "Direction": "Westbound",
        "Sequence": 11,
        "StopId": 20986,
        "StopAbbr": "GIRBERWE",
        "StopName": "Girard Av & Berks St",
        "Lon": -75.125833,
        "Lat": 39.971869
      },
      "geometry": {
        "type": "Point",
        "coordinates": [
          -75.125833,
          39.971869
        ]
      }
    },
    {
      "type": "Feature",
      "properties": {
        "FID": 1023,
        "LineAbbr": "G1",
        "Direction": "Westbound",
        "Sequence": 12,
        "StopId": 20988,
        "StopAbbr": "GIRPALWE",
        "StopName": "Girard Av & Palmer St",
        "Lon": -75.1284,
        "Lat": 39.970983
      },
      "geometry": {
        "type": "Point",
        "coordinates": [
          -75.1284,
          39.970983
        ]
      }
    },
    {
      "type": "Feature",
      "properties": {
        "FID": 1025,
        "LineAbbr": "G1",
        "Direction": "Westbound",
        "Sequence": 13,
        "StopId": 20989,
        "StopAbbr": "GIRCOLWE",
        "StopName": "Girard Av & Columbia Av",
        "Lon": -75.130423,
        "Lat": 39.970265
      },
      "geometry": {
        "type": "Point",
        "coordinates": [
          -75.130423,
          39.970265
        ]
      }
    },
    {
      "type": "Feature",
      "properties": {
        "FID": 1027,
        "LineAbbr": "G1",
        "Direction": "Westbound",
        "Sequence": 14,
        "StopId": 31540,
        "StopAbbr": "FRAGI2SO",
        "StopName": "Frankford Av & Girard Av - FS",
        "Lon": -75.134493,
        "Lat": 39.96865
      },
      "geometry": {
        "type": "Point",
        "coordinates": [
          -75.134493,
          39.96865
        ]
      }
    },
    {
      "type": "Feature",
      "properties": {
        "FID": 1029,
        "LineAbbr": "G1",
        "Direction": "Westbound",
        "Sequence": 15,
        "StopId": 24038,
        "StopAbbr": "FRARICSO",
        "StopName": "Frankford Av & Richmond St",
        "Lon": -75.134492,
        "Lat": 39.966124
      },
      "geometry": {
        "type": "Point",
        "coordinates": [
          -75.134492,
          39.966124
        ]
      }
    },
    {
      "type": "Feature",
      "properties": {
        "FID": 1031,
        "LineAbbr": "G1",
        "Direction": "Westbound",
        "Sequence": 16,
        "StopId": 24039,
        "StopAbbr": "FRADELSO",
        "StopName": "Frankford Av & Delaware Av",
        "Lon": -75.134485,
        "Lat": 39.964812
      },
      "geometry": {
        "type": "Point",
        "coordinates": [
          -75.134485,
          39.964812
        ]
      }
    },
    {
      "type": "Feature",
      "properties": {
        "FID": 1033,
        "LineAbbr": "G1",
        "Direction": "Westbound",
        "Sequence": 17,
        "StopId": 31347,
        "StopAbbr": "FRADELNW",
        "StopName": "Frankford Av & Delaware Av Loop",
        "Lon": -75.134154,
        "Lat": 39.964945
      },
      "geometry": {
        "type": "Point",
        "coordinates": [
          -75.134154,
          39.964945
        ]
      }
    },
    {
      "type": "Feature",
      "properties": {
        "FID": 1034,
        "LineAbbr": "G1",
        "Direction": "Westbound",
        "Sequence": 18,
        "StopId": 31289,
        "StopAbbr": "FRADELNO",
        "StopName": "Frankford Av & Delaware Av - FS",
        "Lon": -75.134342,
        "Lat": 39.965205
      },
      "geometry": {
        "type": "Point",
        "coordinates": [
          -75.134342,
          39.965205
        ]
      }
    },
    {
      "type": "Feature",
      "properties": {
        "FID": 1035,
        "LineAbbr": "G1",
        "Direction": "Westbound",
        "Sequence": 19,
        "StopId": 23992,
        "StopAbbr": "FRARICNO",
        "StopName": "Frankford Av & Richmond St",
        "Lon": -75.134338,
        "Lat": 39.966008
      },
      "geometry": {
        "type": "Point",
        "coordinates": [
          -75.134338,
          39.966008
        ]
      }
    },
    {
      "type": "Feature",
      "properties": {
        "FID": 1036,
        "LineAbbr": "G1",
        "Direction": "Westbound",
        "Sequence": 20,
        "StopId": 481,
        "StopAbbr": "FRAGIRNO",
        "StopName": "Frankford Av & Girard Av",
        "Lon": -75.134351,
        "Lat": 39.968774
      },
      "geometry": {
        "type": "Point",
        "coordinates": [
          -75.134351,
          39.968774
        ]
      }
    },
    {
      "type": "Feature",
      "properties": {
        "FID": 1037,
        "LineAbbr": "G1",
        "Direction": "Westbound",
        "Sequence": 21,
        "StopId": 342,
        "StopAbbr": "GIRFROWE",
        "StopName": "Girard Av & Front St",
        "Lon": -75.136075,
        "Lat": 39.968903
      },
      "geometry": {
        "type": "Point",
        "coordinates": [
          -75.136075,
          39.968903
        ]
      }
    },
    {
      "type": "Feature",
      "properties": {
        "FID": 1038,
        "LineAbbr": "G1",
        "Direction": "Westbound",
        "Sequence": 22,
        "StopId": 20993,
        "StopAbbr": "GIR2NDWE",
        "StopName": "Girard Av & 2nd St",
        "Lon": -75.13945,
        "Lat": 39.9695
      },
      "geometry": {
        "type": "Point",
        "coordinates": [
          -75.13945,
          39.9695
        ]
      }
    },
    {
      "type": "Feature",
      "properties": {
        "FID": 1039,
        "LineAbbr": "G1",
        "Direction": "Westbound",
        "Sequence": 23,
        "StopId": 20994,
        "StopAbbr": "GIR3RDWE",
        "StopName": "Girard Av & 3rd St",
        "Lon": -75.141386,
        "Lat": 39.969799
      },
      "geometry": {
        "type": "Point",
        "coordinates": [
          -75.141386,
          39.969799
        ]
      }
    },
    {
      "type": "Feature",
      "properties": {
        "FID": 1040,
        "LineAbbr": "G1",
        "Direction": "Westbound",
        "Sequence": 24,
        "StopId": 20995,
        "StopAbbr": "GIR4THWE",
        "StopName": "Girard Av & 4th St",
        "Lon": -75.142968,
        "Lat": 39.96999
      },
      "geometry": {
        "type": "Point",
        "coordinates": [
          -75.142968,
          39.96999
        ]
      }
    },
    {
      "type": "Feature",
      "properties": {
        "FID": 1041,
        "LineAbbr": "G1",
        "Direction": "Westbound",
        "Sequence": 25,
        "StopId": 20996,
        "StopAbbr": "GIR5THWE",
        "StopName": "Girard Av & 5th St",
        "Lon": -75.144905,
        "Lat": 39.970218
      },
      "geometry": {
        "type": "Point",
        "coordinates": [
          -75.144905,
          39.970218
        ]
      }
    },
    {
      "type": "Feature",
      "properties": {
        "FID": 1042,
        "LineAbbr": "G1",
        "Direction": "Westbound",
        "Sequence": 26,
        "StopId": 20998,
        "StopAbbr": "GIR7THWE",
        "StopName": "Girard Av & 7th St",
        "Lon": -75.148022,
        "Lat": 39.970484
      },
      "geometry": {
        "type": "Point",
        "coordinates": [
          -75.148022,
          39.970484
        ]
      }
    },
    {
      "type": "Feature",
      "properties": {
        "FID": 1043,
        "LineAbbr": "G1",
        "Direction": "Westbound",
        "Sequence": 27,
        "StopId": 20999,
        "StopAbbr": "GIR8THWE",
        "StopName": "Girard Av & 8th St",
        "Lon": -75.149853,
        "Lat": 39.970568
      },
      "geometry": {
        "type": "Point",
        "coordinates": [
          -75.149853,
          39.970568
        ]
      }
    },
    {
      "type": "Feature",
      "properties": {
        "FID": 1044,
        "LineAbbr": "G1",
        "Direction": "Westbound",
        "Sequence": 28,
        "StopId": 21001,
        "StopAbbr": "GIR11TWE",
        "StopName": "Girard Av & 11th St",
        "Lon": -75.154021,
        "Lat": 39.970845
      },
      "geometry": {
        "type": "Point",
        "coordinates": [
          -75.154021,
          39.970845
        ]
      }
    },
    {
      "type": "Feature",
      "properties": {
        "FID": 1045,
        "LineAbbr": "G1",
        "Direction": "Westbound",
        "Sequence": 29,
        "StopId": 21002,
        "StopAbbr": "GIR12TWE",
        "StopName": "Girard Av & 12th St",
        "Lon": -75.155603,
        "Lat": 39.971045
      },
      "geometry": {
        "type": "Point",
        "coordinates": [
          -75.155603,
          39.971045
        ]
      }
    },
    {
      "type": "Feature",
      "properties": {
        "FID": 1046,
        "LineAbbr": "G1",
        "Direction": "Westbound",
        "Sequence": 30,
        "StopId": 343,
        "StopAbbr": "GIRBROWE",
        "StopName": "Girard Av & Broad St",
        "Lon": -75.159275,
        "Lat": 39.971499
      },
      "geometry": {
        "type": "Point",
        "coordinates": [
          -75.159275,
          39.971499
        ]
      }
    },
    {
      "type": "Feature",
      "properties": {
        "FID": 1047,
        "LineAbbr": "G1",
        "Direction": "Westbound",
        "Sequence": 31,
        "StopId": 21005,
        "StopAbbr": "GIR16TWE",
        "StopName": "Girard Av & 16th St",
        "Lon": -75.162605,
        "Lat": 39.971908
      },
      "geometry": {
        "type": "Point",
        "coordinates": [
          -75.162605,
          39.971908
        ]
      }
    },
    {
      "type": "Feature",
      "properties": {
        "FID": 1048,
        "LineAbbr": "G1",
        "Direction": "Westbound",
        "Sequence": 32,
        "StopId": 21006,
        "StopAbbr": "GIR17TWE",
        "StopName": "Girard Av & 17th St",
        "Lon": -75.164151,
        "Lat": 39.972116
      },
      "geometry": {
        "type": "Point",
        "coordinates": [
          -75.164151,
          39.972116
        ]
      }
    },
    {
      "type": "Feature",
      "properties": {
        "FID": 1049,
        "LineAbbr": "G1",
        "Direction": "Westbound",
        "Sequence": 33,
        "StopId": 21008,
        "StopAbbr": "GIRRIDWE",
        "StopName": "Girard Av & Ridge Av",
        "Lon": -75.166217,
        "Lat": 39.97238
      },
      "geometry": {
        "type": "Point",
        "coordinates": [
          -75.166217,
          39.97238
        ]
      }
    },
    {
      "type": "Feature",
      "properties": {
        "FID": 1050,
        "LineAbbr": "G1",
        "Direction": "Westbound",
        "Sequence": 34,
        "StopId": 30290,
        "StopAbbr": "GIR19TWE",
        "StopName": "Girard Av & 19th St",
        "Lon": -75.167339,
        "Lat": 39.972507
      },
      "geometry": {
        "type": "Point",
        "coordinates": [
          -75.167339,
          39.972507
        ]
      }
    },
    {
      "type": "Feature",
      "properties": {
        "FID": 1051,
        "LineAbbr": "G1",
        "Direction": "Westbound",
        "Sequence": 35,
        "StopId": 21009,
        "StopAbbr": "GIR20TWE",
        "StopName": "Girard Av & 20th St",
        "Lon": -75.168874,
        "Lat": 39.972715
      },
      "geometry": {
        "type": "Point",
        "coordinates": [
          -75.168874,
          39.972715
        ]
      }
    },
    {
      "type": "Feature",
      "properties": {
        "FID": 1052,
        "LineAbbr": "G1",
        "Direction": "Westbound",
        "Sequence": 36,
        "StopId": 21010,
        "StopAbbr": "GIRCORWE",
        "StopName": "Girard Av & Corinthian Av",
        "Lon": -75.17022,
        "Lat": 39.972888
      },
      "geometry": {
        "type": "Point",
        "coordinates": [
          -75.17022,
          39.972888
        ]
      }
    },
    {
      "type": "Feature",
      "properties": {
        "FID": 1053,
        "LineAbbr": "G1",
        "Direction": "Westbound",
        "Sequence": 37,
        "StopId": 30791,
        "StopAbbr": "GIR24HSW",
        "StopName": "Girard Av & 24th St",
        "Lon": -75.175844,
        "Lat": 39.972453
      },
      "geometry": {
        "type": "Point",
        "coordinates": [
          -75.175844,
          39.972453
        ]
      }
    },
    {
      "type": "Feature",
      "properties": {
        "FID": 1054,
        "LineAbbr": "G1",
        "Direction": "Westbound",
        "Sequence": 38,
        "StopId": 21014,
        "StopAbbr": "POP25TWE",
        "StopName": "Poplar St & 25th St",
        "Lon": -75.177403,
        "Lat": 39.972492
      },
      "geometry": {
        "type": "Point",
        "coordinates": [
          -75.177403,
          39.972492
        ]
      }
    },
    {
      "type": "Feature",
      "properties": {
        "FID": 1055,
        "LineAbbr": "G1",
        "Direction": "Westbound",
        "Sequence": 39,
        "StopId": 21016,
        "StopAbbr": "GIR26TWE",
        "StopName": "Girard Av & 26th St",
        "Lon": -75.178733,
        "Lat": 39.973976
      },
      "geometry": {
        "type": "Point",
        "coordinates": [
          -75.178733,
          39.973976
        ]
      }
    },
    {
      "type": "Feature",
      "properties": {
        "FID": 1056,
        "LineAbbr": "G1",
        "Direction": "Westbound",
        "Sequence": 40,
        "StopId": 21017,
        "StopAbbr": "GIR27TWE",
        "StopName": "Girard Av & 27th St",
        "Lon": -75.18028,
        "Lat": 39.974202
      },
      "geometry": {
        "type": "Point",
        "coordinates": [
          -75.18028,
          39.974202
        ]
      }
    },
    {
      "type": "Feature",
      "properties": {
        "FID": 1057,
        "LineAbbr": "G1",
        "Direction": "Westbound",
        "Sequence": 41,
        "StopId": 21018,
        "StopAbbr": "GIR28TWE",
        "StopName": "Girard Av & 28th St",
        "Lon": -75.181756,
        "Lat": 39.974375
      },
      "geometry": {
        "type": "Point",
        "coordinates": [
          -75.181756,
          39.974375
        ]
      }
    },
    {
      "type": "Feature",
      "properties": {
        "FID": 1058,
        "LineAbbr": "G1",
        "Direction": "Westbound",
        "Sequence": 42,
        "StopId": 21019,
        "StopAbbr": "GIR29TWE",
        "StopName": "Girard Av & 29th St",
        "Lon": -75.183361,
        "Lat": 39.974574
      },
      "geometry": {
        "type": "Point",
        "coordinates": [
          -75.183361,
          39.974574
        ]
      }
    },
    {
      "type": "Feature",
      "properties": {
        "FID": 1059,
        "LineAbbr": "G1",
        "Direction": "Westbound",
        "Sequence": 43,
        "StopId": 21021,
        "StopAbbr": "GIR31SWE",
        "StopName": "Girard Av & 31st St",
        "Lon": -75.186549,
        "Lat": 39.975009
      },
      "geometry": {
        "type": "Point",
        "coordinates": [
          -75.186549,
          39.975009
        ]
      }
    },
    {
      "type": "Feature",
      "properties": {
        "FID": 1060,
        "LineAbbr": "G1",
        "Direction": "Westbound",
        "Sequence": 44,
        "StopId": 21022,
        "StopAbbr": "GIR33RWE",
        "StopName": "Girard Av & 33rd St",
        "Lon": -75.188002,
        "Lat": 39.975199
      },
      "geometry": {
        "type": "Point",
        "coordinates": [
          -75.188002,
          39.975199
        ]
      }
    },
    {
      "type": "Feature",
      "properties": {
        "FID": 1061,
        "LineAbbr": "G1",
        "Direction": "Westbound",
        "Sequence": 45,
        "StopId": 30291,
        "StopAbbr": "GIR34TWE",
        "StopName": "Girard Av & 34th St - MBFS",
        "Lon": -75.196472,
        "Lat": 39.975126
      },
      "geometry": {
        "type": "Point",
        "coordinates": [
          -75.196472,
          39.975126
        ]
      }
    },
    {
      "type": "Feature",
      "properties": {
        "FID": 1062,
        "LineAbbr": "G1",
        "Direction": "Westbound",
        "Sequence": 46,
        "StopId": 21025,
        "StopAbbr": "GIR39TWE",
        "StopName": "Girard Av & 39th St",
        "Lon": -75.201683,
        "Lat": 39.974511
      },
      "geometry": {
        "type": "Point",
        "coordinates": [
          -75.201683,
          39.974511
        ]
      }
    },
    {
      "type": "Feature",
      "properties": {
        "FID": 1063,
        "LineAbbr": "G1",
        "Direction": "Westbound",
        "Sequence": 47,
        "StopId": 344,
        "StopAbbr": "GIR40TWE",
        "StopName": "Girard Av & 40th St - FS",
        "Lon": -75.204543,
        "Lat": 39.974159
      },
      "geometry": {
        "type": "Point",
        "coordinates": [
          -75.204543,
          39.974159
        ]
      }
    },
    {
      "type": "Feature",
      "properties": {
        "FID": 1064,
        "LineAbbr": "G1",
        "Direction": "Westbound",
        "Sequence": 48,
        "StopId": 21026,
        "StopAbbr": "GIR41SWE",
        "StopName": "Girard Av & 41st St",
        "Lon": -75.206268,
        "Lat": 39.973966
      },
      "geometry": {
        "type": "Point",
        "coordinates": [
          -75.206268,
          39.973966
        ]
      }
    },
    {
      "type": "Feature",
      "properties": {
        "FID": 1065,
        "LineAbbr": "G1",
        "Direction": "Westbound",
        "Sequence": 49,
        "StopId": 21027,
        "StopAbbr": "GIR42NWE",
        "StopName": "Girard Av & 42nd St",
        "Lon": -75.208797,
        "Lat": 39.973658
      },
      "geometry": {
        "type": "Point",
        "coordinates": [
          -75.208797,
          39.973658
        ]
      }
    },
    {
      "type": "Feature",
      "properties": {
        "FID": 1066,
        "LineAbbr": "G1",
        "Direction": "Westbound",
        "Sequence": 50,
        "StopId": 21028,
        "StopAbbr": "GIRBELWE",
        "StopName": "Girard Av & Belmont Av",
        "Lon": -75.212094,
        "Lat": 39.973315
      },
      "geometry": {
        "type": "Point",
        "coordinates": [
          -75.212094,
          39.973315
        ]
      }
    },
    {
      "type": "Feature",
      "properties": {
        "FID": 1067,
        "LineAbbr": "G1",
        "Direction": "Westbound",
        "Sequence": 51,
        "StopId": 30550,
        "StopAbbr": "GIRMERWE",
        "StopName": "Girard Av & Merion Av",
        "Lon": -75.216277,
        "Lat": 39.972814
      },
      "geometry": {
        "type": "Point",
        "coordinates": [
          -75.216277,
          39.972814
        ]
      }
    },
    {
      "type": "Feature",
      "properties": {
        "FID": 1068,
        "LineAbbr": "G1",
        "Direction": "Westbound",
        "Sequence": 52,
        "StopId": 21030,
        "StopAbbr": "GIR49TWE",
        "StopName": "Girard Av & 49th St",
        "Lon": -75.219064,
        "Lat": 39.972917
      },
      "geometry": {
        "type": "Point",
        "coordinates": [
          -75.219064,
          39.972917
        ]
      }
    },
    {
      "type": "Feature",
      "properties": {
        "FID": 1069,
        "LineAbbr": "G1",
        "Direction": "Westbound",
        "Sequence": 53,
        "StopId": 21032,
        "StopAbbr": "GIR51SWE",
        "StopName": "Girard Av & 51st St",
        "Lon": -75.223438,
        "Lat": 39.971987
      },
      "geometry": {
        "type": "Point",
        "coordinates": [
          -75.223438,
          39.971987
        ]
      }
    },
    {
      "type": "Feature",
      "properties": {
        "FID": 1070,
        "LineAbbr": "G1",
        "Direction": "Westbound",
        "Sequence": 54,
        "StopId": 21033,
        "StopAbbr": "GIR52NWE",
        "StopName": "Girard Av & 52nd St",
        "Lon": -75.22579,
        "Lat": 39.971473
      },
      "geometry": {
        "type": "Point",
        "coordinates": [
          -75.22579,
          39.971473
        ]
      }
    },
    {
      "type": "Feature",
      "properties": {
        "FID": 1071,
        "LineAbbr": "G1",
        "Direction": "Westbound",
        "Sequence": 55,
        "StopId": 21035,
        "StopAbbr": "GIR54TWE",
        "StopName": "Girard Av & 54th St",
        "Lon": -75.228614,
        "Lat": 39.971165
      },
      "geometry": {
        "type": "Point",
        "coordinates": [
          -75.228614,
          39.971165
        ]
      }
    },
    {
      "type": "Feature",
      "properties": {
        "FID": 1072,
        "LineAbbr": "G1",
        "Direction": "Westbound",
        "Sequence": 56,
        "StopId": 21037,
        "StopAbbr": "GIR56TWE",
        "StopName": "Girard Av & 56th St",
        "Lon": -75.232477,
        "Lat": 39.970761
      },
      "geometry": {
        "type": "Point",
        "coordinates": [
          -75.232477,
          39.970761
        ]
      }
    },
    {
      "type": "Feature",
      "properties": {
        "FID": 1073,
        "LineAbbr": "G1",
        "Direction": "Westbound",
        "Sequence": 57,
        "StopId": 21038,
        "StopAbbr": "GIR57TWE",
        "StopName": "Girard Av & 57th St",
        "Lon": -75.234096,
        "Lat": 39.970585
      },
      "geometry": {
        "type": "Point",
        "coordinates": [
          -75.234096,
          39.970585
        ]
      }
    },
    {
      "type": "Feature",
      "properties": {
        "FID": 1074,
        "LineAbbr": "G1",
        "Direction": "Westbound",
        "Sequence": 58,
        "StopId": 345,
        "StopAbbr": "GIR59TWE",
        "StopName": "Girard Av & 59th St",
        "Lon": -75.237334,
        "Lat": 39.970224
      },
      "geometry": {
        "type": "Point",
        "coordinates": [
          -75.237334,
          39.970224
        ]
      }
    },
    {
      "type": "Feature",
      "properties": {
        "FID": 1075,
        "LineAbbr": "G1",
        "Direction": "Westbound",
        "Sequence": 59,
        "StopId": 21040,
        "StopAbbr": "GIR60TWE",
        "StopName": "Girard Av & 60th St",
        "Lon": -75.238988,
        "Lat": 39.970039
      },
      "geometry": {
        "type": "Point",
        "coordinates": [
          -75.238988,
          39.970039
        ]
      }
    },
    {
      "type": "Feature",
      "properties": {
        "FID": 1076,
        "LineAbbr": "G1",
        "Direction": "Westbound",
        "Sequence": 60,
        "StopId": 21041,
        "StopAbbr": "HAV61SNW",
        "StopName": "Haverford Av & 61st St",
        "Lon": -75.240781,
        "Lat": 39.970899
      },
      "geometry": {
        "type": "Point",
        "coordinates": [
          -75.240781,
          39.970899
        ]
      }
    },
    {
      "type": "Feature",
      "properties": {
        "FID": 1077,
        "LineAbbr": "G1",
        "Direction": "Westbound",
        "Sequence": 61,
        "StopId": 21042,
        "StopAbbr": "HAV62NWE",
        "StopName": "Haverford Av & 62nd St",
        "Lon": -75.242704,
        "Lat": 39.971642
      },
      "geometry": {
        "type": "Point",
        "coordinates": [
          -75.242704,
          39.971642
        ]
      }
    },
    {
      "type": "Feature",
      "properties": {
        "FID": 1078,
        "LineAbbr": "G1",
        "Direction": "Westbound",
        "Sequence": 62,
        "StopId": 21481,
        "StopAbbr": "HAV63RWE",
        "StopName": "Haverford Av & 63rd St",
        "Lon": -75.244641,
        "Lat": 39.971895
      },
      "geometry": {
        "type": "Point",
        "coordinates": [
          -75.244641,
          39.971895
        ]
      }
    },
    {
      "type": "Feature",
      "properties": {
        "FID": 1079,
        "LineAbbr": "G1",
        "Direction": "Westbound",
        "Sequence": 63,
        "StopId": 21044,
        "StopAbbr": "GIR63REA",
        "StopName": "Girard Av & 63rd St - MBFS",
        "Lon": -75.244598,
        "Lat": 39.970226
      },
      "geometry": {
        "type": "Point",
        "coordinates": [
          -75.244598,
          39.970226
        ]
      }
    },
    {
      "type": "Feature",
      "properties": {
        "FID": 1080,
        "LineAbbr": "G1",
        "Direction": "Eastbound",
        "Sequence": 1,
        "StopId": 21044,
        "StopAbbr": "GIR63REA",
        "StopName": "Girard Av & 63rd St - MBFS",
        "Lon": -75.244598,
        "Lat": 39.970226
      },
      "geometry": {
        "type": "Point",
        "coordinates": [
          -75.244598,
          39.970226
        ]
      }
    },
    {
      "type": "Feature",
      "properties": {
        "FID": 1081,
        "LineAbbr": "G1",
        "Direction": "Eastbound",
        "Sequence": 2,
        "StopId": 31443,
        "StopAbbr": "GIR62NEA",
        "StopName": "Girard Av & 62nd St",
        "Lon": -75.243216,
        "Lat": 39.970063
      },
      "geometry": {
        "type": "Point",
        "coordinates": [
          -75.243216,
          39.970063
        ]
      }
    },
    {
      "type": "Feature",
      "properties": {
        "FID": 1082,
        "LineAbbr": "G1",
        "Direction": "Eastbound",
        "Sequence": 3,
        "StopId": 21047,
        "StopAbbr": "GIR61SEA",
        "StopName": "Girard Av & 61st St",
        "Lon": -75.241221,
        "Lat": 39.969801
      },
      "geometry": {
        "type": "Point",
        "coordinates": [
          -75.241221,
          39.969801
        ]
      }
    },
    {
      "type": "Feature",
      "properties": {
        "FID": 1083,
        "LineAbbr": "G1",
        "Direction": "Eastbound",
        "Sequence": 4,
        "StopId": 21048,
        "StopAbbr": "GIR60TEA",
        "StopName": "Girard Av & 60th St",
        "Lon": -75.239366,
        "Lat": 39.969897
      },
      "geometry": {
        "type": "Point",
        "coordinates": [
          -75.239366,
          39.969897
        ]
      }
    },
    {
      "type": "Feature",
      "properties": {
        "FID": 1084,
        "LineAbbr": "G1",
        "Direction": "Eastbound",
        "Sequence": 5,
        "StopId": 349,
        "StopAbbr": "GIR59TEA",
        "StopName": "Girard Av & 59th St",
        "Lon": -75.237523,
        "Lat": 39.970099
      },
      "geometry": {
        "type": "Point",
        "coordinates": [
          -75.237523,
          39.970099
        ]
      }
    },
    {
      "type": "Feature",
      "properties": {
        "FID": 1085,
        "LineAbbr": "G1",
        "Direction": "Eastbound",
        "Sequence": 6,
        "StopId": 21050,
        "StopAbbr": "GIR57TEA",
        "StopName": "Girard Av & 57th St",
        "Lon": -75.234285,
        "Lat": 39.97046
      },
      "geometry": {
        "type": "Point",
        "coordinates": [
          -75.234285,
          39.97046
        ]
      }
    },
    {
      "type": "Feature",
      "properties": {
        "FID": 1086,
        "LineAbbr": "G1",
        "Direction": "Eastbound",
        "Sequence": 7,
        "StopId": 21051,
        "StopAbbr": "GIR56TEA",
        "StopName": "Girard Av & 56th St",
        "Lon": -75.232667,
        "Lat": 39.970636
      },
      "geometry": {
        "type": "Point",
        "coordinates": [
          -75.232667,
          39.970636
        ]
      }
    },
    {
      "type": "Feature",
      "properties": {
        "FID": 1087,
        "LineAbbr": "G1",
        "Direction": "Eastbound",
        "Sequence": 8,
        "StopId": 21053,
        "StopAbbr": "GIR54TEA",
        "StopName": "Girard Av & 54th St",
        "Lon": -75.228803,
        "Lat": 39.971041
      },
      "geometry": {
        "type": "Point",
        "coordinates": [
          -75.228803,
          39.971041
        ]
      }
    },
    {
      "type": "Feature",
      "properties": {
        "FID": 1088,
        "LineAbbr": "G1",
        "Direction": "Eastbound",
        "Sequence": 9,
        "StopId": 21055,
        "StopAbbr": "GIR52NEA",
        "StopName": "Girard Av & 52nd St",
        "Lon": -75.225908,
        "Lat": 39.971357
      },
      "geometry": {
        "type": "Point",
        "coordinates": [
          -75.225908,
          39.971357
        ]
      }
    },
    {
      "type": "Feature",
      "properties": {
        "FID": 1089,
        "LineAbbr": "G1",
        "Direction": "Eastbound",
        "Sequence": 10,
        "StopId": 21056,
        "StopAbbr": "GIR51SEA",
        "StopName": "Girard Av & 51st St",
        "Lon": -75.223745,
        "Lat": 39.971845
      },
      "geometry": {
        "type": "Point",
        "coordinates": [
          -75.223745,
          39.971845
        ]
      }
    },
    {
      "type": "Feature",
      "properties": {
        "FID": 1090,
        "LineAbbr": "G1",
        "Direction": "Eastbound",
        "Sequence": 11,
        "StopId": 21058,
        "StopAbbr": "GIRLANEA",
        "StopName": "Girard Av & Lancaster Av",
        "Lon": -75.218521,
        "Lat": 39.972978
      },
      "geometry": {
        "type": "Point",
        "coordinates": [
          -75.218521,
          39.972978
        ]
      }
    },
    {
      "type": "Feature",
      "properties": {
        "FID": 1091,
        "LineAbbr": "G1",
        "Direction": "Eastbound",
        "Sequence": 12,
        "StopId": 30605,
        "StopAbbr": "GIRMEREA",
        "StopName": "Girard Av & Merion Av",
        "Lon": -75.216431,
        "Lat": 39.972725
      },
      "geometry": {
        "type": "Point",
        "coordinates": [
          -75.216431,
          39.972725
        ]
      }
    },
    {
      "type": "Feature",
      "properties": {
        "FID": 1092,
        "LineAbbr": "G1",
        "Direction": "Eastbound",
        "Sequence": 13,
        "StopId": 21060,
        "StopAbbr": "GIRBELEA",
        "StopName": "Girard Av & Belmont Av - FS",
        "Lon": -75.211964,
        "Lat": 39.973208
      },
      "geometry": {
        "type": "Point",
        "coordinates": [
          -75.211964,
          39.973208
        ]
      }
    },
    {
      "type": "Feature",
      "properties": {
        "FID": 1093,
        "LineAbbr": "G1",
        "Direction": "Eastbound",
        "Sequence": 14,
        "StopId": 21061,
        "StopAbbr": "GIR42NEA",
        "StopName": "Girard Av & 42nd St",
        "Lon": -75.208975,
        "Lat": 39.973542
      },
      "geometry": {
        "type": "Point",
        "coordinates": [
          -75.208975,
          39.973542
        ]
      }
    },
    {
      "type": "Feature",
      "properties": {
        "FID": 1094,
        "LineAbbr": "G1",
        "Direction": "Eastbound",
        "Sequence": 15,
        "StopId": 21062,
        "StopAbbr": "GIR41SEA",
        "StopName": "Girard Av & 41st St",
        "Lon": -75.206528,
        "Lat": 39.973823
      },
      "geometry": {
        "type": "Point",
        "coordinates": [
          -75.206528,
          39.973823
        ]
      }
    },
    {
      "type": "Feature",
      "properties": {
        "FID": 1095,
        "LineAbbr": "G1",
        "Direction": "Eastbound",
        "Sequence": 16,
        "StopId": 350,
        "StopAbbr": "GIR40TEA",
        "StopName": "Girard Av & 40th St",
        "Lon": -75.204531,
        "Lat": 39.974043
      },
      "geometry": {
        "type": "Point",
        "coordinates": [
          -75.204531,
          39.974043
        ]
      }
    },
    {
      "type": "Feature",
      "properties": {
        "FID": 1096,
        "LineAbbr": "G1",
        "Direction": "Eastbound",
        "Sequence": 17,
        "StopId": 21063,
        "StopAbbr": "GIR39TEA",
        "StopName": "Girard Av & 39th St",
        "Lon": -75.201802,
        "Lat": 39.974297
      },
      "geometry": {
        "type": "Point",
        "coordinates": [
          -75.201802,
          39.974297
        ]
      }
    },
    {
      "type": "Feature",
      "properties": {
        "FID": 1097,
        "LineAbbr": "G1",
        "Direction": "Eastbound",
        "Sequence": 18,
        "StopId": 30292,
        "StopAbbr": "GIR34TEA",
        "StopName": "Girard Av & 34th St - MBFS",
        "Lon": -75.196733,
        "Lat": 39.974841
      },
      "geometry": {
        "type": "Point",
        "coordinates": [
          -75.196733,
          39.974841
        ]
      }
    },
    {
      "type": "Feature",
      "properties": {
        "FID": 1098,
        "LineAbbr": "G1",
        "Direction": "Eastbound",
        "Sequence": 19,
        "StopId": 21067,
        "StopAbbr": "GIR31SEA",
        "StopName": "Girard Av & 31st St",
        "Lon": -75.18675,
        "Lat": 39.974938
      },
      "geometry": {
        "type": "Point",
        "coordinates": [
          -75.18675,
          39.974938
        ]
      }
    },
    {
      "type": "Feature",
      "properties": {
        "FID": 1099,
        "LineAbbr": "G1",
        "Direction": "Eastbound",
        "Sequence": 20,
        "StopId": 21068,
        "StopAbbr": "GIR29TEA",
        "StopName": "Girard Av & 29th St",
        "Lon": -75.183622,
        "Lat": 39.974486
      },
      "geometry": {
        "type": "Point",
        "coordinates": [
          -75.183622,
          39.974486
        ]
      }
    },
    {
      "type": "Feature",
      "properties": {
        "FID": 1100,
        "LineAbbr": "G1",
        "Direction": "Eastbound",
        "Sequence": 21,
        "StopId": 21069,
        "StopAbbr": "GIR28TEA",
        "StopName": "Girard Av & 28th St",
        "Lon": -75.181969,
        "Lat": 39.974286
      },
      "geometry": {
        "type": "Point",
        "coordinates": [
          -75.181969,
          39.974286
        ]
      }
    },
    {
      "type": "Feature",
      "properties": {
        "FID": 1101,
        "LineAbbr": "G1",
        "Direction": "Eastbound",
        "Sequence": 22,
        "StopId": 21070,
        "StopAbbr": "GIR27TEA",
        "StopName": "Girard Av & 27th St",
        "Lon": -75.180504,
        "Lat": 39.974113
      },
      "geometry": {
        "type": "Point",
        "coordinates": [
          -75.180504,
          39.974113
        ]
      }
    },
    {
      "type": "Feature",
      "properties": {
        "FID": 1102,
        "LineAbbr": "G1",
        "Direction": "Eastbound",
        "Sequence": 23,
        "StopId": 21071,
        "StopAbbr": "GIR26TEA",
        "StopName": "Girard Av & 26th St",
        "Lon": -75.178946,
        "Lat": 39.973896
      },
      "geometry": {
        "type": "Point",
        "coordinates": [
          -75.178946,
          39.973896
        ]
      }
    },
    {
      "type": "Feature",
      "properties": {
        "FID": 1103,
        "LineAbbr": "G1",
        "Direction": "Eastbound",
        "Sequence": 24,
        "StopId": 21072,
        "StopAbbr": "26TPOPSO",
        "StopName": "26th St & Poplar St",
        "Lon": -75.179198,
        "Lat": 39.972701
      },
      "geometry": {
        "type": "Point",
        "coordinates": [
          -75.179198,
          39.972701
        ]
      }
    },
    {
      "type": "Feature",
      "properties": {
        "FID": 1104,
        "LineAbbr": "G1",
        "Direction": "Eastbound",
        "Sequence": 25,
        "StopId": 21073,
        "StopAbbr": "POPSTIEA",
        "StopName": "Poplar St & Stillman St",
        "Lon": -75.178171,
        "Lat": 39.97244
      },
      "geometry": {
        "type": "Point",
        "coordinates": [
          -75.178171,
          39.97244
        ]
      }
    },
    {
      "type": "Feature",
      "properties": {
        "FID": 1105,
        "LineAbbr": "G1",
        "Direction": "Eastbound",
        "Sequence": 26,
        "StopId": 21075,
        "StopAbbr": "COL24TEA",
        "StopName": "College Av & 24th St - FS",
        "Lon": -75.175384,
        "Lat": 39.97239
      },
      "geometry": {
        "type": "Point",
        "coordinates": [
          -75.175384,
          39.97239
        ]
      }
    },
    {
      "type": "Feature",
      "properties": {
        "FID": 1106,
        "LineAbbr": "G1",
        "Direction": "Eastbound",
        "Sequence": 27,
        "StopId": 21078,
        "StopAbbr": "GIRCOREA",
        "StopName": "Girard Av & Corinthian Av",
        "Lon": -75.170421,
        "Lat": 39.972817
      },
      "geometry": {
        "type": "Point",
        "coordinates": [
          -75.170421,
          39.972817
        ]
      }
    },
    {
      "type": "Feature",
      "properties": {
        "FID": 1107,
        "LineAbbr": "G1",
        "Direction": "Eastbound",
        "Sequence": 28,
        "StopId": 21079,
        "StopAbbr": "GIR20TEA",
        "StopName": "Girard Av & 20th St",
        "Lon": -75.169087,
        "Lat": 39.972636
      },
      "geometry": {
        "type": "Point",
        "coordinates": [
          -75.169087,
          39.972636
        ]
      }
    },
    {
      "type": "Feature",
      "properties": {
        "FID": 1108,
        "LineAbbr": "G1",
        "Direction": "Eastbound",
        "Sequence": 29,
        "StopId": 21080,
        "StopAbbr": "GIR19TEA",
        "StopName": "Girard Av & 19th St",
        "Lon": -75.16754,
        "Lat": 39.972427
      },
      "geometry": {
        "type": "Point",
        "coordinates": [
          -75.16754,
          39.972427
        ]
      }
    },
    {
      "type": "Feature",
      "properties": {
        "FID": 1109,
        "LineAbbr": "G1",
        "Direction": "Eastbound",
        "Sequence": 30,
        "StopId": 21081,
        "StopAbbr": "GIRRIDEA",
        "StopName": "Girard Av & Ridge Av",
        "Lon": -75.166572,
        "Lat": 39.972309
      },
      "geometry": {
        "type": "Point",
        "coordinates": [
          -75.166572,
          39.972309
        ]
      }
    },
    {
      "type": "Feature",
      "properties": {
        "FID": 1110,
        "LineAbbr": "G1",
        "Direction": "Eastbound",
        "Sequence": 31,
        "StopId": 21082,
        "StopAbbr": "GIR17TEA",
        "StopName": "Girard Av & 17th St",
        "Lon": -75.164352,
        "Lat": 39.972028
      },
      "geometry": {
        "type": "Point",
        "coordinates": [
          -75.164352,
          39.972028
        ]
      }
    },
    {
      "type": "Feature",
      "properties": {
        "FID": 1111,
        "LineAbbr": "G1",
        "Direction": "Eastbound",
        "Sequence": 32,
        "StopId": 21083,
        "StopAbbr": "GIR16TEA",
        "StopName": "Girard Av & 16th St",
        "Lon": -75.162806,
        "Lat": 39.971828
      },
      "geometry": {
        "type": "Point",
        "coordinates": [
          -75.162806,
          39.971828
        ]
      }
    },
    {
      "type": "Feature",
      "properties": {
        "FID": 1112,
        "LineAbbr": "G1",
        "Direction": "Eastbound",
        "Sequence": 33,
        "StopId": 352,
        "StopAbbr": "GIRBROEA",
        "StopName": "Girard Av & Broad St",
        "Lon": -75.159594,
        "Lat": 39.971428
      },
      "geometry": {
        "type": "Point",
        "coordinates": [
          -75.159594,
          39.971428
        ]
      }
    },
    {
      "type": "Feature",
      "properties": {
        "FID": 1113,
        "LineAbbr": "G1",
        "Direction": "Eastbound",
        "Sequence": 34,
        "StopId": 21086,
        "StopAbbr": "GIR12TEA",
        "StopName": "Girard Av & 12th St",
        "Lon": -75.155816,
        "Lat": 39.970965
      },
      "geometry": {
        "type": "Point",
        "coordinates": [
          -75.155816,
          39.970965
        ]
      }
    },
    {
      "type": "Feature",
      "properties": {
        "FID": 1114,
        "LineAbbr": "G1",
        "Direction": "Eastbound",
        "Sequence": 35,
        "StopId": 21087,
        "StopAbbr": "GIR11TEA",
        "StopName": "Girard Av & 11th St",
        "Lon": -75.154222,
        "Lat": 39.970756
      },
      "geometry": {
        "type": "Point",
        "coordinates": [
          -75.154222,
          39.970756
        ]
      }
    },
    {
      "type": "Feature",
      "properties": {
        "FID": 1115,
        "LineAbbr": "G1",
        "Direction": "Eastbound",
        "Sequence": 36,
        "StopId": 21090,
        "StopAbbr": "GIR8THEA",
        "StopName": "Girard Av & 8th St",
        "Lon": -75.150042,
        "Lat": 39.97047
      },
      "geometry": {
        "type": "Point",
        "coordinates": [
          -75.150042,
          39.97047
        ]
      }
    },
    {
      "type": "Feature",
      "properties": {
        "FID": 1116,
        "LineAbbr": "G1",
        "Direction": "Eastbound",
        "Sequence": 37,
        "StopId": 21091,
        "StopAbbr": "GIR7THEA",
        "StopName": "Girard Av & 7th St",
        "Lon": -75.148211,
        "Lat": 39.970386
      },
      "geometry": {
        "type": "Point",
        "coordinates": [
          -75.148211,
          39.970386
        ]
      }
    },
    {
      "type": "Feature",
      "properties": {
        "FID": 1117,
        "LineAbbr": "G1",
        "Direction": "Eastbound",
        "Sequence": 38,
        "StopId": 21093,
        "StopAbbr": "GIR5THEA",
        "StopName": "Girard Av & 5th St",
        "Lon": -75.145094,
        "Lat": 39.970129
      },
      "geometry": {
        "type": "Point",
        "coordinates": [
          -75.145094,
          39.970129
        ]
      }
    },
    {
      "type": "Feature",
      "properties": {
        "FID": 1118,
        "LineAbbr": "G1",
        "Direction": "Eastbound",
        "Sequence": 39,
        "StopId": 21095,
        "StopAbbr": "GIR3RDEA",
        "StopName": "Girard Av & 3rd St",
        "Lon": -75.141599,
        "Lat": 39.969711
      },
      "geometry": {
        "type": "Point",
        "coordinates": [
          -75.141599,
          39.969711
        ]
      }
    },
    {
      "type": "Feature",
      "properties": {
        "FID": 1119,
        "LineAbbr": "G1",
        "Direction": "Eastbound",
        "Sequence": 40,
        "StopId": 21096,
        "StopAbbr": "GIR2NDEA",
        "StopName": "Girard Av & 2nd St",
        "Lon": -75.139805,
        "Lat": 39.969439
      },
      "geometry": {
        "type": "Point",
        "coordinates": [
          -75.139805,
          39.969439
        ]
      }
    },
    {
      "type": "Feature",
      "properties": {
        "FID": 1120,
        "LineAbbr": "G1",
        "Direction": "Eastbound",
        "Sequence": 41,
        "StopId": 20978,
        "StopAbbr": "GIRFROEA",
        "StopName": "Girard Av & Front St",
        "Lon": -75.136358,
        "Lat": 39.968851
      },
      "geometry": {
        "type": "Point",
        "coordinates": [
          -75.136358,
          39.968851
        ]
      }
    },
    {
      "type": "Feature",
      "properties": {
        "FID": 1121,
        "LineAbbr": "G1",
        "Direction": "Eastbound",
        "Sequence": 42,
        "StopId": 31540,
        "StopAbbr": "FRAGI2SO",
        "StopName": "Frankford Av & Girard Av - FS",
        "Lon": -75.134493,
        "Lat": 39.96865
      },
      "geometry": {
        "type": "Point",
        "coordinates": [
          -75.134493,
          39.96865
        ]
      }
    },
    {
      "type": "Feature",
      "properties": {
        "FID": 1122,
        "LineAbbr": "G1",
        "Direction": "Eastbound",
        "Sequence": 43,
        "StopId": 24038,
        "StopAbbr": "FRARICSO",
        "StopName": "Frankford Av & Richmond St",
        "Lon": -75.134492,
        "Lat": 39.966124
      },
      "geometry": {
        "type": "Point",
        "coordinates": [
          -75.134492,
          39.966124
        ]
      }
    },
    {
      "type": "Feature",
      "properties": {
        "FID": 1123,
        "LineAbbr": "G1",
        "Direction": "Eastbound",
        "Sequence": 44,
        "StopId": 24039,
        "StopAbbr": "FRADELSO",
        "StopName": "Frankford Av & Delaware Av",
        "Lon": -75.134485,
        "Lat": 39.964812
      },
      "geometry": {
        "type": "Point",
        "coordinates": [
          -75.134485,
          39.964812
        ]
      }
    },
    {
      "type": "Feature",
      "properties": {
        "FID": 1124,
        "LineAbbr": "G1",
        "Direction": "Eastbound",
        "Sequence": 45,
        "StopId": 31347,
        "StopAbbr": "FRADELNW",
        "StopName": "Frankford Av & Delaware Av Loop",
        "Lon": -75.134154,
        "Lat": 39.964945
      },
      "geometry": {
        "type": "Point",
        "coordinates": [
          -75.134154,
          39.964945
        ]
      }
    },
    {
      "type": "Feature",
      "properties": {
        "FID": 1125,
        "LineAbbr": "G1",
        "Direction": "Eastbound",
        "Sequence": 46,
        "StopId": 31289,
        "StopAbbr": "FRADELNO",
        "StopName": "Frankford Av & Delaware Av - FS",
        "Lon": -75.134342,
        "Lat": 39.965205
      },
      "geometry": {
        "type": "Point",
        "coordinates": [
          -75.134342,
          39.965205
        ]
      }
    },
    {
      "type": "Feature",
      "properties": {
        "FID": 1126,
        "LineAbbr": "G1",
        "Direction": "Eastbound",
        "Sequence": 47,
        "StopId": 23992,
        "StopAbbr": "FRARICNO",
        "StopName": "Frankford Av & Richmond St",
        "Lon": -75.134338,
        "Lat": 39.966008
      },
      "geometry": {
        "type": "Point",
        "coordinates": [
          -75.134338,
          39.966008
        ]
      }
    },
    {
      "type": "Feature",
      "properties": {
        "FID": 1127,
        "LineAbbr": "G1",
        "Direction": "Eastbound",
        "Sequence": 48,
        "StopId": 21098,
        "StopAbbr": "GIRFRAEA",
        "StopName": "Girard Av & Frankford Av- FS",
        "Lon": -75.134244,
        "Lat": 39.968855
      },
      "geometry": {
        "type": "Point",
        "coordinates": [
          -75.134244,
          39.968855
        ]
      }
    },
    {
      "type": "Feature",
      "properties": {
        "FID": 1128,
        "LineAbbr": "G1",
        "Direction": "Eastbound",
        "Sequence": 49,
        "StopId": 21100,
        "StopAbbr": "GIRCOLNE",
        "StopName": "Girard Av & Columbia Av",
        "Lon": -75.130542,
        "Lat": 39.970122
      },
      "geometry": {
        "type": "Point",
        "coordinates": [
          -75.130542,
          39.970122
        ]
      }
    },
    {
      "type": "Feature",
      "properties": {
        "FID": 1129,
        "LineAbbr": "G1",
        "Direction": "Eastbound",
        "Sequence": 50,
        "StopId": 21101,
        "StopAbbr": "GIRPALNE",
        "StopName": "Girard Av & Palmer St",
        "Lon": -75.128519,
        "Lat": 39.97084
      },
      "geometry": {
        "type": "Point",
        "coordinates": [
          -75.128519,
          39.97084
        ]
      }
    },
    {
      "type": "Feature",
      "properties": {
        "FID": 1130,
        "LineAbbr": "G1",
        "Direction": "Eastbound",
        "Sequence": 51,
        "StopId": 21103,
        "StopAbbr": "GIRBERNE",
        "StopName": "Girard Av & Berks St",
        "Lon": -75.125999,
        "Lat": 39.971709
      },
      "geometry": {
        "type": "Point",
        "coordinates": [
          -75.125999,
          39.971709
        ]
      }
    },
    {
      "type": "Feature",
      "properties": {
        "FID": 1131,
        "LineAbbr": "G1",
        "Direction": "Eastbound",
        "Sequence": 52,
        "StopId": 21105,
        "StopAbbr": "GIRRICSE",
        "StopName": "Girard Av & Richmond St",
        "Lon": -75.119769,
        "Lat": 39.972988
      },
      "geometry": {
        "type": "Point",
        "coordinates": [
          -75.119769,
          39.972988
        ]
      }
    },
    {
      "type": "Feature",
      "properties": {
        "FID": 1132,
        "LineAbbr": "G1",
        "Direction": "Eastbound",
        "Sequence": 53,
        "StopId": 649,
        "StopAbbr": "RICCUMNE",
        "StopName": "Richmond St & Cumberland St",
        "Lon": -75.118181,
        "Lat": 39.974153
      },
      "geometry": {
        "type": "Point",
        "coordinates": [
          -75.118181,
          39.974153
        ]
      }
    },
    {
      "type": "Feature",
      "properties": {
        "FID": 1133,
        "LineAbbr": "G1",
        "Direction": "Eastbound",
        "Sequence": 54,
        "StopId": 21107,
        "StopAbbr": "RICHUNNE",
        "StopName": "Richmond St & Huntingdon St",
        "Lon": -75.11573,
        "Lat": 39.975441
      },
      "geometry": {
        "type": "Point",
        "coordinates": [
          -75.11573,
          39.975441
        ]
      }
    },
    {
      "type": "Feature",
      "properties": {
        "FID": 1134,
        "LineAbbr": "G1",
        "Direction": "Eastbound",
        "Sequence": 55,
        "StopId": 21108,
        "StopAbbr": "RICLEHNE",
        "StopName": "Richmond St & Lehigh Av",
        "Lon": -75.113302,
        "Lat": 39.976729
      },
      "geometry": {
        "type": "Point",
        "coordinates": [
          -75.113302,
          39.976729
        ]
      }
    },
    {
      "type": "Feature",
      "properties": {
        "FID": 1135,
        "LineAbbr": "G1",
        "Direction": "Eastbound",
        "Sequence": 56,
        "StopId": 21109,
        "StopAbbr": "RICSOMNE",
        "StopName": "Richmond St & Somerset St",
        "Lon": -75.110887,
        "Lat": 39.977981
      },
      "geometry": {
        "type": "Point",
        "coordinates": [
          -75.110887,
          39.977981
        ]
      }
    },
    {
      "type": "Feature",
      "properties": {
        "FID": 1136,
        "LineAbbr": "G1",
        "Direction": "Eastbound",
        "Sequence": 57,
        "StopId": 21110,
        "StopAbbr": "RICCAMNE",
        "StopName": "Richmond St & Cambria St",
        "Lon": -75.109052,
        "Lat": 39.978914
      },
      "geometry": {
        "type": "Point",
        "coordinates": [
          -75.109052,
          39.978914
        ]
      }
    },
    {
      "type": "Feature",
      "properties": {
        "FID": 1137,
        "LineAbbr": "G1",
        "Direction": "Eastbound",
        "Sequence": 58,
        "StopId": 21111,
        "StopAbbr": "RICANNNE",
        "StopName": "Richmond St & Ann St",
        "Lon": -75.107536,
        "Lat": 39.979758
      },
      "geometry": {
        "type": "Point",
        "coordinates": [
          -75.107536,
          39.979758
        ]
      }
    },
    {
      "type": "Feature",
      "properties": {
        "FID": 1138,
        "LineAbbr": "G1",
        "Direction": "Eastbound",
        "Sequence": 59,
        "StopId": 21113,
        "StopAbbr": "RICCLENE",
        "StopName": "Richmond St & Clearfield St",
        "Lon": -75.104019,
        "Lat": 39.981605
      },
      "geometry": {
        "type": "Point",
        "coordinates": [
          -75.104019,
          39.981605
        ]
      }
    },
    {
      "type": "Feature",
      "properties": {
        "FID": 1139,
        "LineAbbr": "G1",
        "Direction": "Eastbound",
        "Sequence": 60,
        "StopId": 21114,
        "StopAbbr": "RICALLNE",
        "StopName": "Richmond St & Allegheny Av",
        "Lon": -75.101544,
        "Lat": 39.982875
      },
      "geometry": {
        "type": "Point",
        "coordinates": [
          -75.101544,
          39.982875
        ]
      }
    },
    {
      "type": "Feature",
      "properties": {
        "FID": 1140,
        "LineAbbr": "G1",
        "Direction": "Eastbound",
        "Sequence": 61,
        "StopId": 341,
        "StopAbbr": "WESLOONE",
        "StopName": "Richmond St & Westmoreland St Loop",
        "Lon": -75.099553,
        "Lat": 39.984253
      },
      "geometry": {
        "type": "Point",
        "coordinates": [
          -75.099553,
          39.984253
        ]
      }
    },
    {
      "type": "Feature",
      "properties": {
        "FID": 1141,
        "LineAbbr": "T1",
        "Direction": "Eastbound",
        "Sequence": 1,
        "StopId": 31294,
        "StopAbbr": "MALLOOSW",
        "StopName": "63rd-Malvern",
        "Lon": -75.245957,
        "Lat": 39.983838
      },
      "geometry": {
        "type": "Point",
        "coordinates": [
          -75.245957,
          39.983838
        ]
      }
    },
    {
      "type": "Feature",
      "properties": {
        "FID": 1142,
        "LineAbbr": "T1",
        "Direction": "Eastbound",
        "Sequence": 2,
        "StopId": 20610,
        "StopAbbr": "MAL63RSW",
        "StopName": "Malvern Av & 63rd St",
        "Lon": -75.247009,
        "Lat": 39.983697
      },
      "geometry": {
        "type": "Point",
        "coordinates": [
          -75.247009,
          39.983697
        ]
      }
    },
    {
      "type": "Feature",
      "properties": {
        "FID": 1143,
        "LineAbbr": "T1",
        "Direction": "Eastbound",
        "Sequence": 3,
        "StopId": 20611,
        "StopAbbr": "63RLEBSO",
        "StopName": "63rd St & Lebanon Av",
        "Lon": -75.246661,
        "Lat": 39.980912
      },
      "geometry": {
        "type": "Point",
        "coordinates": [
          -75.246661,
          39.980912
        ]
      }
    },
    {
      "type": "Feature",
      "properties": {
        "FID": 1144,
        "LineAbbr": "T1",
        "Direction": "Eastbound",
        "Sequence": 4,
        "StopId": 20612,
        "StopAbbr": "63RJEFSO",
        "StopName": "63rd St & Jefferson St",
        "Lon": -75.246184,
        "Lat": 39.97835
      },
      "geometry": {
        "type": "Point",
        "coordinates": [
          -75.246184,
          39.97835
        ]
      }
    },
    {
      "type": "Feature",
      "properties": {
        "FID": 1145,
        "LineAbbr": "T1",
        "Direction": "Eastbound",
        "Sequence": 5,
        "StopId": 20613,
        "StopAbbr": "LAN63DEA",
        "StopName": "Lansdowne Av & 63rd - FS",
        "Lon": -75.244986,
        "Lat": 39.975332
      },
      "geometry": {
        "type": "Point",
        "coordinates": [
          -75.244986,
          39.975332
        ]
      }
    },
    {
      "type": "Feature",
      "properties": {
        "FID": 1146,
        "LineAbbr": "T1",
        "Direction": "Eastbound",
        "Sequence": 6,
        "StopId": 20614,
        "StopAbbr": "LAN62NEA",
        "StopName": "Lansdowne Av & 62nd St",
        "Lon": -75.243651,
        "Lat": 39.975499
      },
      "geometry": {
        "type": "Point",
        "coordinates": [
          -75.243651,
          39.975499
        ]
      }
    },
    {
      "type": "Feature",
      "properties": {
        "FID": 1147,
        "LineAbbr": "T1",
        "Direction": "Eastbound",
        "Sequence": 7,
        "StopId": 20615,
        "StopAbbr": "LAN61SEA",
        "StopName": "Lansdowne Av & 61st St",
        "Lon": -75.241879,
        "Lat": 39.975693
      },
      "geometry": {
        "type": "Point",
        "coordinates": [
          -75.241879,
          39.975693
        ]
      }
    },
    {
      "type": "Feature",
      "properties": {
        "FID": 1148,
        "LineAbbr": "T1",
        "Direction": "Eastbound",
        "Sequence": 8,
        "StopId": 15271,
        "StopAbbr": "LAN60TEA",
        "StopName": "Lansdowne Av & 60th St",
        "Lon": -75.240378,
        "Lat": 39.975851
      },
      "geometry": {
        "type": "Point",
        "coordinates": [
          -75.240378,
          39.975851
        ]
      }
    },
    {
      "type": "Feature",
      "properties": {
        "FID": 1149,
        "LineAbbr": "T1",
        "Direction": "Eastbound",
        "Sequence": 9,
        "StopId": 20616,
        "StopAbbr": "LAN59TEA",
        "StopName": "Lansdowne Av & 59th St",
        "Lon": -75.238653,
        "Lat": 39.976054
      },
      "geometry": {
        "type": "Point",
        "coordinates": [
          -75.238653,
          39.976054
        ]
      }
    },
    {
      "type": "Feature",
      "properties": {
        "FID": 1150,
        "LineAbbr": "T1",
        "Direction": "Eastbound",
        "Sequence": 10,
        "StopId": 20617,
        "StopAbbr": "LAN58TEA",
        "StopName": "Lansdowne Av & 58th St",
        "Lon": -75.236904,
        "Lat": 39.976248
      },
      "geometry": {
        "type": "Point",
        "coordinates": [
          -75.236904,
          39.976248
        ]
      }
    },
    {
      "type": "Feature",
      "properties": {
        "FID": 1151,
        "LineAbbr": "T1",
        "Direction": "Eastbound",
        "Sequence": 11,
        "StopId": 20618,
        "StopAbbr": "LAN57TEA",
        "StopName": "Lansdowne Av & 57th St",
        "Lon": -75.235403,
        "Lat": 39.976406
      },
      "geometry": {
        "type": "Point",
        "coordinates": [
          -75.235403,
          39.976406
        ]
      }
    },
    {
      "type": "Feature",
      "properties": {
        "FID": 1152,
        "LineAbbr": "T1",
        "Direction": "Eastbound",
        "Sequence": 12,
        "StopId": 20619,
        "StopAbbr": "LAN56TEA",
        "StopName": "Lansdowne Av & 56th St",
        "Lon": -75.233761,
        "Lat": 39.976591
      },
      "geometry": {
        "type": "Point",
        "coordinates": [
          -75.233761,
          39.976591
        ]
      }
    },
    {
      "type": "Feature",
      "properties": {
        "FID": 1153,
        "LineAbbr": "T1",
        "Direction": "Eastbound",
        "Sequence": 13,
        "StopId": 20622,
        "StopAbbr": "LAN55TEA",
        "StopName": "Lansdowne Av & 55th St",
        "Lon": -75.231858,
        "Lat": 39.976811
      },
      "geometry": {
        "type": "Point",
        "coordinates": [
          -75.231858,
          39.976811
        ]
      }
    },
    {
      "type": "Feature",
      "properties": {
        "FID": 1154,
        "LineAbbr": "T1",
        "Direction": "Eastbound",
        "Sequence": 14,
        "StopId": 20623,
        "StopAbbr": "LAN54TEA",
        "StopName": "Lansdowne Av & 54th St",
        "Lon": -75.229908,
        "Lat": 39.977013
      },
      "geometry": {
        "type": "Point",
        "coordinates": [
          -75.229908,
          39.977013
        ]
      }
    },
    {
      "type": "Feature",
      "properties": {
        "FID": 1155,
        "LineAbbr": "T1",
        "Direction": "Eastbound",
        "Sequence": 15,
        "StopId": 20624,
        "StopAbbr": "LANLANEA",
        "StopName": "Lansdowne Av & Lancaster Av",
        "Lon": -75.227451,
        "Lat": 39.977295
      },
      "geometry": {
        "type": "Point",
        "coordinates": [
          -75.227451,
          39.977295
        ]
      }
    },
    {
      "type": "Feature",
      "properties": {
        "FID": 1156,
        "LineAbbr": "T1",
        "Direction": "Eastbound",
        "Sequence": 16,
        "StopId": 20625,
        "StopAbbr": "LANBIBSE",
        "StopName": "Lancaster Av & Bible Way",
        "Lon": -75.226176,
        "Lat": 39.976855
      },
      "geometry": {
        "type": "Point",
        "coordinates": [
          -75.226176,
          39.976855
        ]
      }
    },
    {
      "type": "Feature",
      "properties": {
        "FID": 1157,
        "LineAbbr": "T1",
        "Direction": "Eastbound",
        "Sequence": 17,
        "StopId": 20626,
        "StopAbbr": "LAN50NSE",
        "StopName": "Lancaster Av & 50th St",
        "Lon": -75.22259,
        "Lat": 39.975207
      },
      "geometry": {
        "type": "Point",
        "coordinates": [
          -75.22259,
          39.975207
        ]
      }
    },
    {
      "type": "Feature",
      "properties": {
        "FID": 1158,
        "LineAbbr": "T1",
        "Direction": "Eastbound",
        "Sequence": 18,
        "StopId": 20627,
        "StopAbbr": "LANTHOSE",
        "StopName": "Lancaster Av & Thompson St",
        "Lon": -75.219747,
        "Lat": 39.973748
      },
      "geometry": {
        "type": "Point",
        "coordinates": [
          -75.219747,
          39.973748
        ]
      }
    },
    {
      "type": "Feature",
      "properties": {
        "FID": 1159,
        "LineAbbr": "T1",
        "Direction": "Eastbound",
        "Sequence": 19,
        "StopId": 277,
        "StopAbbr": "LANGIRSE",
        "StopName": "Lancaster Av & Girard Av",
        "Lon": -75.218615,
        "Lat": 39.973059
      },
      "geometry": {
        "type": "Point",
        "coordinates": [
          -75.218615,
          39.973059
        ]
      }
    },
    {
      "type": "Feature",
      "properties": {
        "FID": 1160,
        "LineAbbr": "T1",
        "Direction": "Eastbound",
        "Sequence": 20,
        "StopId": 20628,
        "StopAbbr": "LAN47TSE",
        "StopName": "Lancaster Av & 47th St",
        "Lon": -75.216115,
        "Lat": 39.971555
      },
      "geometry": {
        "type": "Point",
        "coordinates": [
          -75.216115,
          39.971555
        ]
      }
    },
    {
      "type": "Feature",
      "properties": {
        "FID": 1161,
        "LineAbbr": "T1",
        "Direction": "Eastbound",
        "Sequence": 21,
        "StopId": 20630,
        "StopAbbr": "LAN45TSE",
        "StopName": "Lancaster Av & 45th St",
        "Lon": -75.212991,
        "Lat": 39.969667
      },
      "geometry": {
        "type": "Point",
        "coordinates": [
          -75.212991,
          39.969667
        ]
      }
    },
    {
      "type": "Feature",
      "properties": {
        "FID": 1162,
        "LineAbbr": "T1",
        "Direction": "Eastbound",
        "Sequence": 22,
        "StopId": 20631,
        "StopAbbr": "LAN44TSE",
        "StopName": "Lancaster Av & 44th St",
        "Lon": -75.211541,
        "Lat": 39.968772
      },
      "geometry": {
        "type": "Point",
        "coordinates": [
          -75.211541,
          39.968772
        ]
      }
    },
    {
      "type": "Feature",
      "properties": {
        "FID": 1163,
        "LineAbbr": "T1",
        "Direction": "Eastbound",
        "Sequence": 23,
        "StopId": 20632,
        "StopAbbr": "LAN43TSE",
        "StopName": "Lancaster Av & 43th St",
        "Lon": -75.209878,
        "Lat": 39.967725
      },
      "geometry": {
        "type": "Point",
        "coordinates": [
          -75.209878,
          39.967725
        ]
      }
    },
    {
      "type": "Feature",
      "properties": {
        "FID": 1164,
        "LineAbbr": "T1",
        "Direction": "Eastbound",
        "Sequence": 24,
        "StopId": 20633,
        "StopAbbr": "LAN42NSE",
        "StopName": "Lancaster Av & 42nd St",
        "Lon": -75.207662,
        "Lat": 39.966391
      },
      "geometry": {
        "type": "Point",
        "coordinates": [
          -75.207662,
          39.966391
        ]
      }
    },
    {
      "type": "Feature",
      "properties": {
        "FID": 1165,
        "LineAbbr": "T1",
        "Direction": "Eastbound",
        "Sequence": 25,
        "StopId": 20634,
        "StopAbbr": "LAN41SSE",
        "StopName": "Lancaster Av & 41st St",
        "Lon": -75.205564,
        "Lat": 39.965093
      },
      "geometry": {
        "type": "Point",
        "coordinates": [
          -75.205564,
          39.965093
        ]
      }
    },
    {
      "type": "Feature",
      "properties": {
        "FID": 1166,
        "LineAbbr": "T1",
        "Direction": "Eastbound",
        "Sequence": 26,
        "StopId": 20635,
        "StopAbbr": "LAN40TSE",
        "StopName": "Lancaster Av & 40th St",
        "Lon": -75.20244,
        "Lat": 39.963151
      },
      "geometry": {
        "type": "Point",
        "coordinates": [
          -75.20244,
          39.963151
        ]
      }
    },
    {
      "type": "Feature",
      "properties": {
        "FID": 1167,
        "LineAbbr": "T1",
        "Direction": "Eastbound",
        "Sequence": 27,
        "StopId": 279,
        "StopAbbr": "40TFILSO",
        "StopName": "40th St & Filbert St",
        "Lon": -75.201901,
        "Lat": 39.957929
      },
      "geometry": {
        "type": "Point",
        "coordinates": [
          -75.201901,
          39.957929
        ]
      }
    },
    {
      "type": "Feature",
      "properties": {
        "FID": 1168,
        "LineAbbr": "T1",
        "Direction": "Eastbound",
        "Sequence": 28,
        "StopId": 20636,
        "StopAbbr": "LANSPRSE",
        "StopName": "Lancaster Av & Spring Garden St",
        "Lon": -75.200353,
        "Lat": 39.962004
      },
      "geometry": {
        "type": "Point",
        "coordinates": [
          -75.200353,
          39.962004
        ]
      }
    },
    {
      "type": "Feature",
      "properties": {
        "FID": 1169,
        "LineAbbr": "T1",
        "Direction": "Eastbound",
        "Sequence": 29,
        "StopId": 20638,
        "StopAbbr": "LAN38TSE",
        "StopName": "Lancaster Av & 38th St",
        "Lon": -75.197016,
        "Lat": 39.960267
      },
      "geometry": {
        "type": "Point",
        "coordinates": [
          -75.197016,
          39.960267
        ]
      }
    },
    {
      "type": "Feature",
      "properties": {
        "FID": 1170,
        "LineAbbr": "T1",
        "Direction": "Eastbound",
        "Sequence": 30,
        "StopId": 20639,
        "StopAbbr": "LAN36TSE",
        "StopName": "Lancaster Av & 36th St",
        "Lon": -75.193786,
        "Lat": 39.958565
      },
      "geometry": {
        "type": "Point",
        "coordinates": [
          -75.193786,
          39.958565
        ]
      }
    },
    {
      "type": "Feature",
      "properties": {
        "FID": 1171,
        "LineAbbr": "T1",
        "Direction": "Eastbound",
        "Sequence": 31,
        "StopId": 20641,
        "StopAbbr": "36TPORSO",
        "StopName": "36th St Trolley Portal Station",
        "Lon": -75.194162,
        "Lat": 39.955335
      },
      "geometry": {
        "type": "Point",
        "coordinates": [
          -75.194162,
          39.955335
        ]
      }
    },
    {
      "type": "Feature",
      "properties": {
        "FID": 1172,
        "LineAbbr": "T1",
        "Direction": "Eastbound",
        "Sequence": 32,
        "StopId": 20642,
        "StopAbbr": "33MAEAU",
        "StopName": "33rd St",
        "Lon": -75.189523,
        "Lat": 39.954782
      },
      "geometry": {
        "type": "Point",
        "coordinates": [
          -75.189523,
          39.954782
        ]
      }
    },
    {
      "type": "Feature",
      "properties": {
        "FID": 1173,
        "LineAbbr": "T1",
        "Direction": "Eastbound",
        "Sequence": 33,
        "StopId": 20643,
        "StopAbbr": "MA30EAU",
        "StopName": "Drexel Station at 30th St",
        "Lon": -75.1835,
        "Lat": 39.954815
      },
      "geometry": {
        "type": "Point",
        "coordinates": [
          -75.1835,
          39.954815
        ]
      }
    },
    {
      "type": "Feature",
      "properties": {
        "FID": 1174,
        "LineAbbr": "T1",
        "Direction": "Eastbound",
        "Sequence": 34,
        "StopId": 20645,
        "StopAbbr": "MA22EAU",
        "StopName": "22nd St",
        "Lon": -75.176736,
        "Lat": 39.953962
      },
      "geometry": {
        "type": "Point",
        "coordinates": [
          -75.176736,
          39.953962
        ]
      }
    },
    {
      "type": "Feature",
      "properties": {
        "FID": 1175,
        "LineAbbr": "T1",
        "Direction": "Eastbound",
        "Sequence": 35,
        "StopId": 20646,
        "StopAbbr": "MA19EAU",
        "StopName": "19th St",
        "Lon": -75.171637,
        "Lat": 39.953327
      },
      "geometry": {
        "type": "Point",
        "coordinates": [
          -75.171637,
          39.953327
        ]
      }
    },
    {
      "type": "Feature",
      "properties": {
        "FID": 1176,
        "LineAbbr": "T1",
        "Direction": "Eastbound",
        "Sequence": 36,
        "StopId": 31140,
        "StopAbbr": "MA15EAU",
        "StopName": "15th St/City Hall",
        "Lon": -75.165369,
        "Lat": 39.952502
      },
      "geometry": {
        "type": "Point",
        "coordinates": [
          -75.165369,
          39.952502
        ]
      }
    },
    {
      "type": "Feature",
      "properties": {
        "FID": 1177,
        "LineAbbr": "T1",
        "Direction": "Eastbound",
        "Sequence": 37,
        "StopId": 283,
        "StopAbbr": "JUNSTANO",
        "StopName": "13th St",
        "Lon": -75.162559,
        "Lat": 39.952532
      },
      "geometry": {
        "type": "Point",
        "coordinates": [
          -75.162559,
          39.952532
        ]
      }
    },
    {
      "type": "Feature",
      "properties": {
        "FID": 1178,
        "LineAbbr": "T1",
        "Direction": "Westbound",
        "Sequence": 1,
        "StopId": 283,
        "StopAbbr": "JUNSTANO",
        "StopName": "13th St",
        "Lon": -75.162559,
        "Lat": 39.952532
      },
      "geometry": {
        "type": "Point",
        "coordinates": [
          -75.162559,
          39.952532
        ]
      }
    },
    {
      "type": "Feature",
      "properties": {
        "FID": 1179,
        "LineAbbr": "T1",
        "Direction": "Westbound",
        "Sequence": 2,
        "StopId": 20659,
        "StopAbbr": "MA15WEU",
        "StopName": "15th St/City Hall",
        "Lon": -75.165345,
        "Lat": 39.952672
      },
      "geometry": {
        "type": "Point",
        "coordinates": [
          -75.165345,
          39.952672
        ]
      }
    },
    {
      "type": "Feature",
      "properties": {
        "FID": 1180,
        "LineAbbr": "T1",
        "Direction": "Westbound",
        "Sequence": 3,
        "StopId": 20660,
        "StopAbbr": "MA19WEU",
        "StopName": "19th St",
        "Lon": -75.171483,
        "Lat": 39.953425
      },
      "geometry": {
        "type": "Point",
        "coordinates": [
          -75.171483,
          39.953425
        ]
      }
    },
    {
      "type": "Feature",
      "properties": {
        "FID": 1181,
        "LineAbbr": "T1",
        "Direction": "Westbound",
        "Sequence": 4,
        "StopId": 20661,
        "StopAbbr": "MA22WEU",
        "StopName": "22nd St",
        "Lon": -75.176571,
        "Lat": 39.954051
      },
      "geometry": {
        "type": "Point",
        "coordinates": [
          -75.176571,
          39.954051
        ]
      }
    },
    {
      "type": "Feature",
      "properties": {
        "FID": 1182,
        "LineAbbr": "T1",
        "Direction": "Westbound",
        "Sequence": 5,
        "StopId": 20662,
        "StopAbbr": "MA30WEU",
        "StopName": "Drexel Station at 30th St",
        "Lon": -75.183169,
        "Lat": 39.954894
      },
      "geometry": {
        "type": "Point",
        "coordinates": [
          -75.183169,
          39.954894
        ]
      }
    },
    {
      "type": "Feature",
      "properties": {
        "FID": 1183,
        "LineAbbr": "T1",
        "Direction": "Westbound",
        "Sequence": 6,
        "StopId": 20658,
        "StopAbbr": "33MAWEU",
        "StopName": "33rd St",
        "Lon": -75.189499,
        "Lat": 39.954871
      },
      "geometry": {
        "type": "Point",
        "coordinates": [
          -75.189499,
          39.954871
        ]
      }
    },
    {
      "type": "Feature",
      "properties": {
        "FID": 1184,
        "LineAbbr": "T1",
        "Direction": "Westbound",
        "Sequence": 7,
        "StopId": 287,
        "StopAbbr": "36TPORNO",
        "StopName": "36th St Trolley Portal Station",
        "Lon": -75.194233,
        "Lat": 39.955451
      },
      "geometry": {
        "type": "Point",
        "coordinates": [
          -75.194233,
          39.955451
        ]
      }
    },
    {
      "type": "Feature",
      "properties": {
        "FID": 1185,
        "LineAbbr": "T1",
        "Direction": "Westbound",
        "Sequence": 8,
        "StopId": 20664,
        "StopAbbr": "36TMARNO",
        "StopName": "36th St & Market St",
        "Lon": -75.194113,
        "Lat": 39.956058
      },
      "geometry": {
        "type": "Point",
        "coordinates": [
          -75.194113,
          39.956058
        ]
      }
    },
    {
      "type": "Feature",
      "properties": {
        "FID": 1186,
        "LineAbbr": "T1",
        "Direction": "Westbound",
        "Sequence": 9,
        "StopId": 20665,
        "StopAbbr": "36TLANNO",
        "StopName": "36th St & Lancaster Av",
        "Lon": -75.193585,
        "Lat": 39.958404
      },
      "geometry": {
        "type": "Point",
        "coordinates": [
          -75.193585,
          39.958404
        ]
      }
    },
    {
      "type": "Feature",
      "properties": {
        "FID": 1187,
        "LineAbbr": "T1",
        "Direction": "Westbound",
        "Sequence": 10,
        "StopId": 31488,
        "StopAbbr": "LANPOWNW",
        "StopName": "Lancaster Av & Powelton Av",
        "Lon": -75.195542,
        "Lat": 39.959631
      },
      "geometry": {
        "type": "Point",
        "coordinates": [
          -75.195542,
          39.959631
        ]
      }
    },
    {
      "type": "Feature",
      "properties": {
        "FID": 1188,
        "LineAbbr": "T1",
        "Direction": "Westbound",
        "Sequence": 11,
        "StopId": 20663,
        "StopAbbr": "LAN38TNW",
        "StopName": "Lancaster Av & 38th St",
        "Lon": -75.196721,
        "Lat": 39.96024
      },
      "geometry": {
        "type": "Point",
        "coordinates": [
          -75.196721,
          39.96024
        ]
      }
    },
    {
      "type": "Feature",
      "properties": {
        "FID": 1189,
        "LineAbbr": "T1",
        "Direction": "Westbound",
        "Sequence": 12,
        "StopId": 20668,
        "StopAbbr": "LANSPRNW",
        "StopName": "Lancaster Av & Spring Garden St",
        "Lon": -75.199952,
        "Lat": 39.961923
      },
      "geometry": {
        "type": "Point",
        "coordinates": [
          -75.199952,
          39.961923
        ]
      }
    },
    {
      "type": "Feature",
      "properties": {
        "FID": 1190,
        "LineAbbr": "T1",
        "Direction": "Westbound",
        "Sequence": 13,
        "StopId": 20669,
        "StopAbbr": "LANHAVNW",
        "StopName": "Lancaster Av & Haverford Av",
        "Lon": -75.201826,
        "Lat": 39.9629
      },
      "geometry": {
        "type": "Point",
        "coordinates": [
          -75.201826,
          39.9629
        ]
      }
    },
    {
      "type": "Feature",
      "properties": {
        "FID": 1191,
        "LineAbbr": "T1",
        "Direction": "Westbound",
        "Sequence": 14,
        "StopId": 279,
        "StopAbbr": "40TFILSO",
        "StopName": "40th St & Filbert St",
        "Lon": -75.201901,
        "Lat": 39.957929
      },
      "geometry": {
        "type": "Point",
        "coordinates": [
          -75.201901,
          39.957929
        ]
      }
    },
    {
      "type": "Feature",
      "properties": {
        "FID": 1192,
        "LineAbbr": "T1",
        "Direction": "Westbound",
        "Sequence": 15,
        "StopId": 20670,
        "StopAbbr": "LANWALNW",
        "StopName": "Lancaster Av & Wallace St",
        "Lon": -75.203371,
        "Lat": 39.963857
      },
      "geometry": {
        "type": "Point",
        "coordinates": [
          -75.203371,
          39.963857
        ]
      }
    },
    {
      "type": "Feature",
      "properties": {
        "FID": 1193,
        "LineAbbr": "T1",
        "Direction": "Westbound",
        "Sequence": 16,
        "StopId": 20671,
        "StopAbbr": "LAN41SNW",
        "StopName": "Lancaster Av & 41st St",
        "Lon": -75.205386,
        "Lat": 39.965102
      },
      "geometry": {
        "type": "Point",
        "coordinates": [
          -75.205386,
          39.965102
        ]
      }
    },
    {
      "type": "Feature",
      "properties": {
        "FID": 1194,
        "LineAbbr": "T1",
        "Direction": "Westbound",
        "Sequence": 17,
        "StopId": 20672,
        "StopAbbr": "LAN42NNW",
        "StopName": "Lancaster Av & 42nd St",
        "Lon": -75.207485,
        "Lat": 39.966399
      },
      "geometry": {
        "type": "Point",
        "coordinates": [
          -75.207485,
          39.966399
        ]
      }
    },
    {
      "type": "Feature",
      "properties": {
        "FID": 1195,
        "LineAbbr": "T1",
        "Direction": "Westbound",
        "Sequence": 18,
        "StopId": 20673,
        "StopAbbr": "LANPARNW",
        "StopName": "Lancaster Av & Parrish St",
        "Lon": -75.20956,
        "Lat": 39.96767
      },
      "geometry": {
        "type": "Point",
        "coordinates": [
          -75.20956,
          39.96767
        ]
      }
    },
    {
      "type": "Feature",
      "properties": {
        "FID": 1196,
        "LineAbbr": "T1",
        "Direction": "Westbound",
        "Sequence": 19,
        "StopId": 20674,
        "StopAbbr": "LANOGDNW",
        "StopName": "Lancaster Av & Ogden St",
        "Lon": -75.210998,
        "Lat": 39.968565
      },
      "geometry": {
        "type": "Point",
        "coordinates": [
          -75.210998,
          39.968565
        ]
      }
    },
    {
      "type": "Feature",
      "properties": {
        "FID": 1197,
        "LineAbbr": "T1",
        "Direction": "Westbound",
        "Sequence": 20,
        "StopId": 20675,
        "StopAbbr": "LANWESNW",
        "StopName": "Lancaster Av & Westminster St",
        "Lon": -75.212283,
        "Lat": 39.969353
      },
      "geometry": {
        "type": "Point",
        "coordinates": [
          -75.212283,
          39.969353
        ]
      }
    },
    {
      "type": "Feature",
      "properties": {
        "FID": 1198,
        "LineAbbr": "T1",
        "Direction": "Westbound",
        "Sequence": 21,
        "StopId": 20677,
        "StopAbbr": "LAN47TNW",
        "StopName": "Lancaster Av & 47th St",
        "Lon": -75.215938,
        "Lat": 39.971564
      },
      "geometry": {
        "type": "Point",
        "coordinates": [
          -75.215938,
          39.971564
        ]
      }
    },
    {
      "type": "Feature",
      "properties": {
        "FID": 1199,
        "LineAbbr": "T1",
        "Direction": "Westbound",
        "Sequence": 22,
        "StopId": 290,
        "StopAbbr": "LAN48TNW",
        "StopName": "Lancaster Av & 48th St",
        "Lon": -75.217035,
        "Lat": 39.972244
      },
      "geometry": {
        "type": "Point",
        "coordinates": [
          -75.217035,
          39.972244
        ]
      }
    },
    {
      "type": "Feature",
      "properties": {
        "FID": 1200,
        "LineAbbr": "T1",
        "Direction": "Westbound",
        "Sequence": 23,
        "StopId": 20678,
        "StopAbbr": "LAN49TNW",
        "StopName": "Lancaster Av & 49th St",
        "Lon": -75.219464,
        "Lat": 39.973703
      },
      "geometry": {
        "type": "Point",
        "coordinates": [
          -75.219464,
          39.973703
        ]
      }
    },
    {
      "type": "Feature",
      "properties": {
        "FID": 1201,
        "LineAbbr": "T1",
        "Direction": "Westbound",
        "Sequence": 24,
        "StopId": 20679,
        "StopAbbr": "LAN50TNW",
        "StopName": "Lancaster Av & 50th St",
        "Lon": -75.222389,
        "Lat": 39.975234
      },
      "geometry": {
        "type": "Point",
        "coordinates": [
          -75.222389,
          39.975234
        ]
      }
    },
    {
      "type": "Feature",
      "properties": {
        "FID": 1202,
        "LineAbbr": "T1",
        "Direction": "Westbound",
        "Sequence": 25,
        "StopId": 20681,
        "StopAbbr": "LAN52NNW",
        "StopName": "Lancaster Av & 52nd St",
        "Lon": -75.2266,
        "Lat": 39.977186
      },
      "geometry": {
        "type": "Point",
        "coordinates": [
          -75.2266,
          39.977186
        ]
      }
    },
    {
      "type": "Feature",
      "properties": {
        "FID": 1203,
        "LineAbbr": "T1",
        "Direction": "Westbound",
        "Sequence": 26,
        "StopId": 20683,
        "StopAbbr": "LAN54TWE",
        "StopName": "Lansdowne Av & 54th St",
        "Lon": -75.229755,
        "Lat": 39.977129
      },
      "geometry": {
        "type": "Point",
        "coordinates": [
          -75.229755,
          39.977129
        ]
      }
    },
    {
      "type": "Feature",
      "properties": {
        "FID": 1204,
        "LineAbbr": "T1",
        "Direction": "Westbound",
        "Sequence": 27,
        "StopId": 20684,
        "StopAbbr": "LAN55TWE",
        "StopName": "Lansdowne Av & 55th St",
        "Lon": -75.231704,
        "Lat": 39.976927
      },
      "geometry": {
        "type": "Point",
        "coordinates": [
          -75.231704,
          39.976927
        ]
      }
    },
    {
      "type": "Feature",
      "properties": {
        "FID": 1205,
        "LineAbbr": "T1",
        "Direction": "Westbound",
        "Sequence": 28,
        "StopId": 20685,
        "StopAbbr": "LAN56TWE",
        "StopName": "Lansdowne Av & 56th St",
        "Lon": -75.233607,
        "Lat": 39.976707
      },
      "geometry": {
        "type": "Point",
        "coordinates": [
          -75.233607,
          39.976707
        ]
      }
    },
    {
      "type": "Feature",
      "properties": {
        "FID": 1206,
        "LineAbbr": "T1",
        "Direction": "Westbound",
        "Sequence": 29,
        "StopId": 20686,
        "StopAbbr": "LAN57TWE",
        "StopName": "Lansdowne Av & 57th St",
        "Lon": -75.235249,
        "Lat": 39.976522
      },
      "geometry": {
        "type": "Point",
        "coordinates": [
          -75.235249,
          39.976522
        ]
      }
    },
    {
      "type": "Feature",
      "properties": {
        "FID": 1207,
        "LineAbbr": "T1",
        "Direction": "Westbound",
        "Sequence": 30,
        "StopId": 20687,
        "StopAbbr": "LAN58TWE",
        "StopName": "Lansdowne Av & 58th St",
        "Lon": -75.23675,
        "Lat": 39.976363
      },
      "geometry": {
        "type": "Point",
        "coordinates": [
          -75.23675,
          39.976363
        ]
      }
    },
    {
      "type": "Feature",
      "properties": {
        "FID": 1208,
        "LineAbbr": "T1",
        "Direction": "Westbound",
        "Sequence": 31,
        "StopId": 20688,
        "StopAbbr": "LAN59TWE",
        "StopName": "Lansdowne Av & 59th St",
        "Lon": -75.238499,
        "Lat": 39.97617
      },
      "geometry": {
        "type": "Point",
        "coordinates": [
          -75.238499,
          39.97617
        ]
      }
    },
    {
      "type": "Feature",
      "properties": {
        "FID": 1209,
        "LineAbbr": "T1",
        "Direction": "Westbound",
        "Sequence": 32,
        "StopId": 20689,
        "StopAbbr": "LAN60TWE",
        "StopName": "Lansdowne Av & 60th St",
        "Lon": -75.240153,
        "Lat": 39.975976
      },
      "geometry": {
        "type": "Point",
        "coordinates": [
          -75.240153,
          39.975976
        ]
      }
    },
    {
      "type": "Feature",
      "properties": {
        "FID": 1210,
        "LineAbbr": "T1",
        "Direction": "Westbound",
        "Sequence": 33,
        "StopId": 20690,
        "StopAbbr": "LAN61SWE",
        "StopName": "Lansdowne Av & 61st St",
        "Lon": -75.241725,
        "Lat": 39.975809
      },
      "geometry": {
        "type": "Point",
        "coordinates": [
          -75.241725,
          39.975809
        ]
      }
    },
    {
      "type": "Feature",
      "properties": {
        "FID": 1211,
        "LineAbbr": "T1",
        "Direction": "Westbound",
        "Sequence": 34,
        "StopId": 20691,
        "StopAbbr": "LAN62NWE",
        "StopName": "Lansdowne Av & 62nd St",
        "Lon": -75.243497,
        "Lat": 39.975615
      },
      "geometry": {
        "type": "Point",
        "coordinates": [
          -75.243497,
          39.975615
        ]
      }
    },
    {
      "type": "Feature",
      "properties": {
        "FID": 1212,
        "LineAbbr": "T1",
        "Direction": "Westbound",
        "Sequence": 35,
        "StopId": 20692,
        "StopAbbr": "63RLANNO",
        "StopName": "63rd St & Lansdowne Av - FS",
        "Lon": -75.245529,
        "Lat": 39.975582
      },
      "geometry": {
        "type": "Point",
        "coordinates": [
          -75.245529,
          39.975582
        ]
      }
    },
    {
      "type": "Feature",
      "properties": {
        "FID": 1213,
        "LineAbbr": "T1",
        "Direction": "Westbound",
        "Sequence": 36,
        "StopId": 20693,
        "StopAbbr": "63RJEFNO",
        "StopName": "63rd St & Jefferson St",
        "Lon": -75.24603,
        "Lat": 39.978234
      },
      "geometry": {
        "type": "Point",
        "coordinates": [
          -75.24603,
          39.978234
        ]
      }
    },
    {
      "type": "Feature",
      "properties": {
        "FID": 1214,
        "LineAbbr": "T1",
        "Direction": "Westbound",
        "Sequence": 37,
        "StopId": 20695,
        "StopAbbr": "63RCOLNO",
        "StopName": "63rd St & Columbia Av",
        "Lon": -75.246461,
        "Lat": 39.980582
      },
      "geometry": {
        "type": "Point",
        "coordinates": [
          -75.246461,
          39.980582
        ]
      }
    },
    {
      "type": "Feature",
      "properties": {
        "FID": 1215,
        "LineAbbr": "T1",
        "Direction": "Westbound",
        "Sequence": 38,
        "StopId": 31294,
        "StopAbbr": "MALLOOSW",
        "StopName": "63rd-Malvern",
        "Lon": -75.245957,
        "Lat": 39.983838
      },
      "geometry": {
        "type": "Point",
        "coordinates": [
          -75.245957,
          39.983838
        ]
      }
    },
    {
      "type": "Feature",
      "properties": {
        "FID": 17695,
        "LineAbbr": "T2",
        "Direction": "Eastbound",
        "Sequence": 1,
        "StopId": 20932,
        "StopAbbr": "ELM73RNE",
        "StopName": "Elmwood Av & 73rd St",
        "Lon": -75.241816,
        "Lat": 39.914129
      },
      "geometry": {
        "type": "Point",
        "coordinates": [
          -75.241816,
          39.914129
        ]
      }
    },
    {
      "type": "Feature",
      "properties": {
        "FID": 17696,
        "LineAbbr": "T2",
        "Direction": "Eastbound",
        "Sequence": 2,
        "StopId": 20704,
        "StopAbbr": "WOOISLNE",
        "StopName": "Woodland Av & Island Av",
        "Lon": -75.246376,
        "Lat": 39.917099
      },
      "geometry": {
        "type": "Point",
        "coordinates": [
          -75.246376,
          39.917099
        ]
      }
    },
    {
      "type": "Feature",
      "properties": {
        "FID": 17697,
        "LineAbbr": "T2",
        "Direction": "Eastbound",
        "Sequence": 3,
        "StopId": 20957,
        "StopAbbr": "49TWOONW",
        "StopName": "49th St & Woodland Av",
        "Lon": -75.212429,
        "Lat": 39.940794
      },
      "geometry": {
        "type": "Point",
        "coordinates": [
          -75.212429,
          39.940794
        ]
      }
    },
    {
      "type": "Feature",
      "properties": {
        "FID": 17698,
        "LineAbbr": "T2",
        "Direction": "Eastbound",
        "Sequence": 4,
        "StopId": 20725,
        "StopAbbr": "WOO50TNE",
        "StopName": "Woodland Av & 50th St",
        "Lon": -75.213907,
        "Lat": 39.939886
      },
      "geometry": {
        "type": "Point",
        "coordinates": [
          -75.213907,
          39.939886
        ]
      }
    },
    {
      "type": "Feature",
      "properties": {
        "FID": 17699,
        "LineAbbr": "T2",
        "Direction": "Eastbound",
        "Sequence": 5,
        "StopId": 599,
        "StopAbbr": "ANGLOOWE",
        "StopName": "61st-Baltimore",
        "Lon": -75.246342,
        "Lat": 39.943963
      },
      "geometry": {
        "type": "Point",
        "coordinates": [
          -75.246342,
          39.943963
        ]
      }
    },
    {
      "type": "Feature",
      "properties": {
        "FID": 17700,
        "LineAbbr": "T2",
        "Direction": "Eastbound",
        "Sequence": 6,
        "StopId": 20859,
        "StopAbbr": "BAL60TNE",
        "StopName": "Baltimore Av & 60th St",
        "Lon": -75.244429,
        "Lat": 39.944299
      },
      "geometry": {
        "type": "Point",
        "coordinates": [
          -75.244429,
          39.944299
        ]
      }
    },
    {
      "type": "Feature",
      "properties": {
        "FID": 17701,
        "LineAbbr": "T2",
        "Direction": "Eastbound",
        "Sequence": 7,
        "StopId": 20860,
        "StopAbbr": "BAL59TNE",
        "StopName": "Baltimore Av & 59th St",
        "Lon": -75.241899,
        "Lat": 39.945197
      },
      "geometry": {
        "type": "Point",
        "coordinates": [
          -75.241899,
          39.945197
        ]
      }
    },
    {
      "type": "Feature",
      "properties": {
        "FID": 17702,
        "LineAbbr": "T2",
        "Direction": "Eastbound",
        "Sequence": 8,
        "StopId": 20861,
        "StopAbbr": "BAL58TNE",
        "StopName": "Baltimore Av & 58th St",
        "Lon": -75.240304,
        "Lat": 39.945783
      },
      "geometry": {
        "type": "Point",
        "coordinates": [
          -75.240304,
          39.945783
        ]
      }
    },
    {
      "type": "Feature",
      "properties": {
        "FID": 17703,
        "LineAbbr": "T2",
        "Direction": "Eastbound",
        "Sequence": 9,
        "StopId": 20862,
        "StopAbbr": "BAL57TNE",
        "StopName": "Baltimore Av & 57th St",
        "Lon": -75.237327,
        "Lat": 39.946386
      },
      "geometry": {
        "type": "Point",
        "coordinates": [
          -75.237327,
          39.946386
        ]
      }
    },
    {
      "type": "Feature",
      "properties": {
        "FID": 17704,
        "LineAbbr": "T2",
        "Direction": "Eastbound",
        "Sequence": 10,
        "StopId": 20863,
        "StopAbbr": "BAL56TNE",
        "StopName": "Baltimore Av & 56th St",
        "Lon": -75.235602,
        "Lat": 39.946785
      },
      "geometry": {
        "type": "Point",
        "coordinates": [
          -75.235602,
          39.946785
        ]
      }
    },
    {
      "type": "Feature",
      "properties": {
        "FID": 17705,
        "LineAbbr": "T2",
        "Direction": "Eastbound",
        "Sequence": 11,
        "StopId": 20864,
        "StopAbbr": "BAL55TNE",
        "StopName": "Baltimore Av & 55th St",
        "Lon": -75.233746,
        "Lat": 39.947246
      },
      "geometry": {
        "type": "Point",
        "coordinates": [
          -75.233746,
          39.947246
        ]
      }
    },
    {
      "type": "Feature",
      "properties": {
        "FID": 17706,
        "LineAbbr": "T2",
        "Direction": "Eastbound",
        "Sequence": 12,
        "StopId": 20865,
        "StopAbbr": "BAL54TEA",
        "StopName": "Baltimore Av & 54th St",
        "Lon": -75.231466,
        "Lat": 39.947742
      },
      "geometry": {
        "type": "Point",
        "coordinates": [
          -75.231466,
          39.947742
        ]
      }
    },
    {
      "type": "Feature",
      "properties": {
        "FID": 17707,
        "LineAbbr": "T2",
        "Direction": "Eastbound",
        "Sequence": 13,
        "StopId": 20866,
        "StopAbbr": "BAL53REA",
        "StopName": "Baltimore Av & 53rd St",
        "Lon": -75.229612,
        "Lat": 39.947766
      },
      "geometry": {
        "type": "Point",
        "coordinates": [
          -75.229612,
          39.947766
        ]
      }
    },
    {
      "type": "Feature",
      "properties": {
        "FID": 17708,
        "LineAbbr": "T2",
        "Direction": "Eastbound",
        "Sequence": 14,
        "StopId": 20867,
        "StopAbbr": "BALBROEA",
        "StopName": "Baltimore Av & Broomall St",
        "Lon": -75.227912,
        "Lat": 39.947727
      },
      "geometry": {
        "type": "Point",
        "coordinates": [
          -75.227912,
          39.947727
        ]
      }
    },
    {
      "type": "Feature",
      "properties": {
        "FID": 17709,
        "LineAbbr": "T2",
        "Direction": "Eastbound",
        "Sequence": 15,
        "StopId": 20868,
        "StopAbbr": "BAL51SEA",
        "StopName": "Baltimore Av & 51st St",
        "Lon": -75.225456,
        "Lat": 39.947715
      },
      "geometry": {
        "type": "Point",
        "coordinates": [
          -75.225456,
          39.947715
        ]
      }
    },
    {
      "type": "Feature",
      "properties": {
        "FID": 17710,
        "LineAbbr": "T2",
        "Direction": "Eastbound",
        "Sequence": 16,
        "StopId": 20869,
        "StopAbbr": "BAL50TEA",
        "StopName": "Baltimore Av & 50th St",
        "Lon": -75.223377,
        "Lat": 39.947872
      },
      "geometry": {
        "type": "Point",
        "coordinates": [
          -75.223377,
          39.947872
        ]
      }
    },
    {
      "type": "Feature",
      "properties": {
        "FID": 17711,
        "LineAbbr": "T2",
        "Direction": "Eastbound",
        "Sequence": 17,
        "StopId": 600,
        "StopAbbr": "BAL49TEA",
        "StopName": "Baltimore Av & 49th St",
        "Lon": -75.221404,
        "Lat": 39.948101
      },
      "geometry": {
        "type": "Point",
        "coordinates": [
          -75.221404,
          39.948101
        ]
      }
    },
    {
      "type": "Feature",
      "properties": {
        "FID": 17712,
        "LineAbbr": "T2",
        "Direction": "Eastbound",
        "Sequence": 18,
        "StopId": 600,
        "StopAbbr": "BAL49TEA",
        "StopName": "Baltimore Av & 49th St",
        "Lon": -75.221404,
        "Lat": 39.948101
      },
      "geometry": {
        "type": "Point",
        "coordinates": [
          -75.221404,
          39.948101
        ]
      }
    },
    {
      "type": "Feature",
      "properties": {
        "FID": 17713,
        "LineAbbr": "T2",
        "Direction": "Eastbound",
        "Sequence": 19,
        "StopId": 20870,
        "StopAbbr": "BALFLOEA",
        "StopName": "Baltimore Av & Florence Av",
        "Lon": -75.219503,
        "Lat": 39.948312
      },
      "geometry": {
        "type": "Point",
        "coordinates": [
          -75.219503,
          39.948312
        ]
      }
    },
    {
      "type": "Feature",
      "properties": {
        "FID": 17714,
        "LineAbbr": "T2",
        "Direction": "Eastbound",
        "Sequence": 20,
        "StopId": 20871,
        "StopAbbr": "BAL47TEA",
        "StopName": "Baltimore Av & 47th St",
        "Lon": -75.217188,
        "Lat": 39.94854
      },
      "geometry": {
        "type": "Point",
        "coordinates": [
          -75.217188,
          39.94854
        ]
      }
    },
    {
      "type": "Feature",
      "properties": {
        "FID": 17715,
        "LineAbbr": "T2",
        "Direction": "Eastbound",
        "Sequence": 21,
        "StopId": 20872,
        "StopAbbr": "BAL46TEA",
        "StopName": "Baltimore Av & 46th St",
        "Lon": -75.215061,
        "Lat": 39.948786
      },
      "geometry": {
        "type": "Point",
        "coordinates": [
          -75.215061,
          39.948786
        ]
      }
    },
    {
      "type": "Feature",
      "properties": {
        "FID": 17716,
        "LineAbbr": "T2",
        "Direction": "Eastbound",
        "Sequence": 22,
        "StopId": 20873,
        "StopAbbr": "BAL45TEA",
        "StopName": "Baltimore Av & 45th St",
        "Lon": -75.213018,
        "Lat": 39.949006
      },
      "geometry": {
        "type": "Point",
        "coordinates": [
          -75.213018,
          39.949006
        ]
      }
    },
    {
      "type": "Feature",
      "properties": {
        "FID": 17717,
        "LineAbbr": "T2",
        "Direction": "Eastbound",
        "Sequence": 23,
        "StopId": 20874,
        "StopAbbr": "BAL44TEA",
        "StopName": "Baltimore Av & 44th St",
        "Lon": -75.21127,
        "Lat": 39.949181
      },
      "geometry": {
        "type": "Point",
        "coordinates": [
          -75.21127,
          39.949181
        ]
      }
    },
    {
      "type": "Feature",
      "properties": {
        "FID": 17718,
        "LineAbbr": "T2",
        "Direction": "Eastbound",
        "Sequence": 24,
        "StopId": 20875,
        "StopAbbr": "BAL43REA",
        "StopName": "Baltimore Av & 43rd St",
        "Lon": -75.20932,
        "Lat": 39.949481
      },
      "geometry": {
        "type": "Point",
        "coordinates": [
          -75.20932,
          39.949481
        ]
      }
    },
    {
      "type": "Feature",
      "properties": {
        "FID": 17719,
        "LineAbbr": "T2",
        "Direction": "Eastbound",
        "Sequence": 25,
        "StopId": 20876,
        "StopAbbr": "BAL42NEA",
        "StopName": "Baltimore Av & 42nd St",
        "Lon": -75.207265,
        "Lat": 39.949736
      },
      "geometry": {
        "type": "Point",
        "coordinates": [
          -75.207265,
          39.949736
        ]
      }
    },
    {
      "type": "Feature",
      "properties": {
        "FID": 17720,
        "LineAbbr": "T2",
        "Direction": "Eastbound",
        "Sequence": 26,
        "StopId": 20804,
        "StopAbbr": "40TPORNE",
        "StopName": "40th St Portal",
        "Lon": -75.203333,
        "Lat": 39.949533
      },
      "geometry": {
        "type": "Point",
        "coordinates": [
          -75.203333,
          39.949533
        ]
      }
    },
    {
      "type": "Feature",
      "properties": {
        "FID": 17721,
        "LineAbbr": "T2",
        "Direction": "Eastbound",
        "Sequence": 27,
        "StopId": 20804,
        "StopAbbr": "40TPORNE",
        "StopName": "40th St Portal",
        "Lon": -75.203333,
        "Lat": 39.949533
      },
      "geometry": {
        "type": "Point",
        "coordinates": [
          -75.203333,
          39.949533
        ]
      }
    },
    {
      "type": "Feature",
      "properties": {
        "FID": 17722,
        "LineAbbr": "T2",
        "Direction": "Eastbound",
        "Sequence": 28,
        "StopId": 21248,
        "StopAbbr": "40TMARSO",
        "StopName": "40th-Market",
        "Lon": -75.202021,
        "Lat": 39.957259
      },
      "geometry": {
        "type": "Point",
        "coordinates": [
          -75.202021,
          39.957259
        ]
      }
    },
    {
      "type": "Feature",
      "properties": {
        "FID": 17723,
        "LineAbbr": "T2",
        "Direction": "Eastbound",
        "Sequence": 29,
        "StopId": 20731,
        "StopAbbr": "SP37NEU",
        "StopName": "37th-Spruce",
        "Lon": -75.196586,
        "Lat": 39.950993
      },
      "geometry": {
        "type": "Point",
        "coordinates": [
          -75.196586,
          39.950993
        ]
      }
    },
    {
      "type": "Feature",
      "properties": {
        "FID": 17724,
        "LineAbbr": "T2",
        "Direction": "Eastbound",
        "Sequence": 30,
        "StopId": 20732,
        "StopAbbr": "36SANOU",
        "StopName": "36th-Sansom",
        "Lon": -75.194533,
        "Lat": 39.953854
      },
      "geometry": {
        "type": "Point",
        "coordinates": [
          -75.194533,
          39.953854
        ]
      }
    },
    {
      "type": "Feature",
      "properties": {
        "FID": 17725,
        "LineAbbr": "T2",
        "Direction": "Eastbound",
        "Sequence": 31,
        "StopId": 20642,
        "StopAbbr": "33MAEAU",
        "StopName": "33rd St",
        "Lon": -75.189523,
        "Lat": 39.954782
      },
      "geometry": {
        "type": "Point",
        "coordinates": [
          -75.189523,
          39.954782
        ]
      }
    },
    {
      "type": "Feature",
      "properties": {
        "FID": 17726,
        "LineAbbr": "T2",
        "Direction": "Eastbound",
        "Sequence": 32,
        "StopId": 20643,
        "StopAbbr": "MA30EAU",
        "StopName": "Drexel Station at 30th St",
        "Lon": -75.1835,
        "Lat": 39.954815
      },
      "geometry": {
        "type": "Point",
        "coordinates": [
          -75.1835,
          39.954815
        ]
      }
    },
    {
      "type": "Feature",
      "properties": {
        "FID": 17727,
        "LineAbbr": "T2",
        "Direction": "Eastbound",
        "Sequence": 33,
        "StopId": 20645,
        "StopAbbr": "MA22EAU",
        "StopName": "22nd St",
        "Lon": -75.176736,
        "Lat": 39.953962
      },
      "geometry": {
        "type": "Point",
        "coordinates": [
          -75.176736,
          39.953962
        ]
      }
    },
    {
      "type": "Feature",
      "properties": {
        "FID": 17728,
        "LineAbbr": "T2",
        "Direction": "Eastbound",
        "Sequence": 34,
        "StopId": 20646,
        "StopAbbr": "MA19EAU",
        "StopName": "19th St",
        "Lon": -75.171637,
        "Lat": 39.953327
      },
      "geometry": {
        "type": "Point",
        "coordinates": [
          -75.171637,
          39.953327
        ]
      }
    },
    {
      "type": "Feature",
      "properties": {
        "FID": 17729,
        "LineAbbr": "T2",
        "Direction": "Eastbound",
        "Sequence": 35,
        "StopId": 31140,
        "StopAbbr": "MA15EAU",
        "StopName": "15th St/City Hall",
        "Lon": -75.165369,
        "Lat": 39.952502
      },
      "geometry": {
        "type": "Point",
        "coordinates": [
          -75.165369,
          39.952502
        ]
      }
    },
    {
      "type": "Feature",
      "properties": {
        "FID": 17730,
        "LineAbbr": "T2",
        "Direction": "Eastbound",
        "Sequence": 36,
        "StopId": 283,
        "StopAbbr": "JUNSTANO",
        "StopName": "13th St",
        "Lon": -75.162559,
        "Lat": 39.952532
      },
      "geometry": {
        "type": "Point",
        "coordinates": [
          -75.162559,
          39.952532
        ]
      }
    },
    {
      "type": "Feature",
      "properties": {
        "FID": 17731,
        "LineAbbr": "T2",
        "Direction": "Westbound",
        "Sequence": 1,
        "StopId": 283,
        "StopAbbr": "JUNSTANO",
        "StopName": "13th St",
        "Lon": -75.162559,
        "Lat": 39.952532
      },
      "geometry": {
        "type": "Point",
        "coordinates": [
          -75.162559,
          39.952532
        ]
      }
    },
    {
      "type": "Feature",
      "properties": {
        "FID": 17732,
        "LineAbbr": "T2",
        "Direction": "Westbound",
        "Sequence": 2,
        "StopId": 20659,
        "StopAbbr": "MA15WEU",
        "StopName": "15th St/City Hall",
        "Lon": -75.165345,
        "Lat": 39.952672
      },
      "geometry": {
        "type": "Point",
        "coordinates": [
          -75.165345,
          39.952672
        ]
      }
    },
    {
      "type": "Feature",
      "properties": {
        "FID": 17733,
        "LineAbbr": "T2",
        "Direction": "Westbound",
        "Sequence": 3,
        "StopId": 20660,
        "StopAbbr": "MA19WEU",
        "StopName": "19th St",
        "Lon": -75.171483,
        "Lat": 39.953425
      },
      "geometry": {
        "type": "Point",
        "coordinates": [
          -75.171483,
          39.953425
        ]
      }
    },
    {
      "type": "Feature",
      "properties": {
        "FID": 17734,
        "LineAbbr": "T2",
        "Direction": "Westbound",
        "Sequence": 4,
        "StopId": 20661,
        "StopAbbr": "MA22WEU",
        "StopName": "22nd St",
        "Lon": -75.176571,
        "Lat": 39.954051
      },
      "geometry": {
        "type": "Point",
        "coordinates": [
          -75.176571,
          39.954051
        ]
      }
    },
    {
      "type": "Feature",
      "properties": {
        "FID": 17735,
        "LineAbbr": "T2",
        "Direction": "Westbound",
        "Sequence": 5,
        "StopId": 20662,
        "StopAbbr": "MA30WEU",
        "StopName": "Drexel Station at 30th St",
        "Lon": -75.183169,
        "Lat": 39.954894
      },
      "geometry": {
        "type": "Point",
        "coordinates": [
          -75.183169,
          39.954894
        ]
      }
    },
    {
      "type": "Feature",
      "properties": {
        "FID": 17736,
        "LineAbbr": "T2",
        "Direction": "Westbound",
        "Sequence": 6,
        "StopId": 20658,
        "StopAbbr": "33MAWEU",
        "StopName": "33rd St",
        "Lon": -75.189499,
        "Lat": 39.954871
      },
      "geometry": {
        "type": "Point",
        "coordinates": [
          -75.189499,
          39.954871
        ]
      }
    },
    {
      "type": "Feature",
      "properties": {
        "FID": 17737,
        "LineAbbr": "T2",
        "Direction": "Westbound",
        "Sequence": 7,
        "StopId": 20733,
        "StopAbbr": "36SASOU",
        "StopName": "36th-Sansom",
        "Lon": -75.194722,
        "Lat": 39.95389
      },
      "geometry": {
        "type": "Point",
        "coordinates": [
          -75.194722,
          39.95389
        ]
      }
    },
    {
      "type": "Feature",
      "properties": {
        "FID": 17738,
        "LineAbbr": "T2",
        "Direction": "Westbound",
        "Sequence": 8,
        "StopId": 20734,
        "StopAbbr": "SP37SWU",
        "StopName": "37th-Spruce",
        "Lon": -75.197306,
        "Lat": 39.951048
      },
      "geometry": {
        "type": "Point",
        "coordinates": [
          -75.197306,
          39.951048
        ]
      }
    },
    {
      "type": "Feature",
      "properties": {
        "FID": 17739,
        "LineAbbr": "T2",
        "Direction": "Westbound",
        "Sequence": 9,
        "StopId": 301,
        "StopAbbr": "40TPORSW",
        "StopName": "40th St Portal",
        "Lon": -75.203333,
        "Lat": 39.949595
      },
      "geometry": {
        "type": "Point",
        "coordinates": [
          -75.203333,
          39.949595
        ]
      }
    },
    {
      "type": "Feature",
      "properties": {
        "FID": 17740,
        "LineAbbr": "T2",
        "Direction": "Westbound",
        "Sequence": 10,
        "StopId": 21248,
        "StopAbbr": "40TMARSO",
        "StopName": "40th-Market",
        "Lon": -75.202021,
        "Lat": 39.957259
      },
      "geometry": {
        "type": "Point",
        "coordinates": [
          -75.202021,
          39.957259
        ]
      }
    },
    {
      "type": "Feature",
      "properties": {
        "FID": 17741,
        "LineAbbr": "T2",
        "Direction": "Westbound",
        "Sequence": 11,
        "StopId": 21432,
        "StopAbbr": "42NBALSO",
        "StopName": "42nd St & Baltimore Av",
        "Lon": -75.207241,
        "Lat": 39.949879
      },
      "geometry": {
        "type": "Point",
        "coordinates": [
          -75.207241,
          39.949879
        ]
      }
    },
    {
      "type": "Feature",
      "properties": {
        "FID": 17742,
        "LineAbbr": "T2",
        "Direction": "Westbound",
        "Sequence": 12,
        "StopId": 20879,
        "StopAbbr": "BAL42NWE",
        "StopName": "Baltimore Av & 42nd St",
        "Lon": -75.206945,
        "Lat": 39.949861
      },
      "geometry": {
        "type": "Point",
        "coordinates": [
          -75.206945,
          39.949861
        ]
      }
    },
    {
      "type": "Feature",
      "properties": {
        "FID": 17743,
        "LineAbbr": "T2",
        "Direction": "Westbound",
        "Sequence": 13,
        "StopId": 20880,
        "StopAbbr": "BAL43RWE",
        "StopName": "Baltimore Av & 43rd St",
        "Lon": -75.209154,
        "Lat": 39.949641
      },
      "geometry": {
        "type": "Point",
        "coordinates": [
          -75.209154,
          39.949641
        ]
      }
    },
    {
      "type": "Feature",
      "properties": {
        "FID": 17744,
        "LineAbbr": "T2",
        "Direction": "Westbound",
        "Sequence": 14,
        "StopId": 20881,
        "StopAbbr": "BAL44TWE",
        "StopName": "Baltimore Av & 44th St",
        "Lon": -75.211092,
        "Lat": 39.949332
      },
      "geometry": {
        "type": "Point",
        "coordinates": [
          -75.211092,
          39.949332
        ]
      }
    },
    {
      "type": "Feature",
      "properties": {
        "FID": 17745,
        "LineAbbr": "T2",
        "Direction": "Westbound",
        "Sequence": 15,
        "StopId": 20882,
        "StopAbbr": "BAL45TWE",
        "StopName": "Baltimore Av & 45th St",
        "Lon": -75.212828,
        "Lat": 39.949148
      },
      "geometry": {
        "type": "Point",
        "coordinates": [
          -75.212828,
          39.949148
        ]
      }
    },
    {
      "type": "Feature",
      "properties": {
        "FID": 17746,
        "LineAbbr": "T2",
        "Direction": "Westbound",
        "Sequence": 16,
        "StopId": 20883,
        "StopAbbr": "BAL46TWE",
        "StopName": "Baltimore Av & 46th St",
        "Lon": -75.214884,
        "Lat": 39.948937
      },
      "geometry": {
        "type": "Point",
        "coordinates": [
          -75.214884,
          39.948937
        ]
      }
    },
    {
      "type": "Feature",
      "properties": {
        "FID": 17747,
        "LineAbbr": "T2",
        "Direction": "Westbound",
        "Sequence": 17,
        "StopId": 20884,
        "StopAbbr": "BAL47TWE",
        "StopName": "Baltimore Av & 47th St",
        "Lon": -75.21701,
        "Lat": 39.948691
      },
      "geometry": {
        "type": "Point",
        "coordinates": [
          -75.21701,
          39.948691
        ]
      }
    },
    {
      "type": "Feature",
      "properties": {
        "FID": 17748,
        "LineAbbr": "T2",
        "Direction": "Westbound",
        "Sequence": 18,
        "StopId": 20885,
        "StopAbbr": "BAL48TWE",
        "StopName": "Baltimore Av & 48th St",
        "Lon": -75.219101,
        "Lat": 39.948472
      },
      "geometry": {
        "type": "Point",
        "coordinates": [
          -75.219101,
          39.948472
        ]
      }
    },
    {
      "type": "Feature",
      "properties": {
        "FID": 17749,
        "LineAbbr": "T2",
        "Direction": "Westbound",
        "Sequence": 19,
        "StopId": 601,
        "StopAbbr": "BAL49TWE",
        "StopName": "Baltimore Av & 49th St",
        "Lon": -75.221109,
        "Lat": 39.948261
      },
      "geometry": {
        "type": "Point",
        "coordinates": [
          -75.221109,
          39.948261
        ]
      }
    },
    {
      "type": "Feature",
      "properties": {
        "FID": 17750,
        "LineAbbr": "T2",
        "Direction": "Westbound",
        "Sequence": 20,
        "StopId": 601,
        "StopAbbr": "BAL49TWE",
        "StopName": "Baltimore Av & 49th St",
        "Lon": -75.221109,
        "Lat": 39.948261
      },
      "geometry": {
        "type": "Point",
        "coordinates": [
          -75.221109,
          39.948261
        ]
      }
    },
    {
      "type": "Feature",
      "properties": {
        "FID": 17751,
        "LineAbbr": "T2",
        "Direction": "Westbound",
        "Sequence": 21,
        "StopId": 20886,
        "StopAbbr": "BAL50TWE",
        "StopName": "Baltimore Av & 50th St",
        "Lon": -75.223199,
        "Lat": 39.948041
      },
      "geometry": {
        "type": "Point",
        "coordinates": [
          -75.223199,
          39.948041
        ]
      }
    },
    {
      "type": "Feature",
      "properties": {
        "FID": 17752,
        "LineAbbr": "T2",
        "Direction": "Westbound",
        "Sequence": 22,
        "StopId": 20887,
        "StopAbbr": "BAL51TWE",
        "StopName": "Baltimore Av & 51st St",
        "Lon": -75.225266,
        "Lat": 39.94783
      },
      "geometry": {
        "type": "Point",
        "coordinates": [
          -75.225266,
          39.94783
        ]
      }
    },
    {
      "type": "Feature",
      "properties": {
        "FID": 17753,
        "LineAbbr": "T2",
        "Direction": "Westbound",
        "Sequence": 23,
        "StopId": 20888,
        "StopAbbr": "BAL52NWE",
        "StopName": "Baltimore Av & 52nd St",
        "Lon": -75.227309,
        "Lat": 39.947842
      },
      "geometry": {
        "type": "Point",
        "coordinates": [
          -75.227309,
          39.947842
        ]
      }
    },
    {
      "type": "Feature",
      "properties": {
        "FID": 17754,
        "LineAbbr": "T2",
        "Direction": "Westbound",
        "Sequence": 24,
        "StopId": 20889,
        "StopAbbr": "BAL53RWE",
        "StopName": "Baltimore Av & 53rd St",
        "Lon": -75.229317,
        "Lat": 39.947846
      },
      "geometry": {
        "type": "Point",
        "coordinates": [
          -75.229317,
          39.947846
        ]
      }
    },
    {
      "type": "Feature",
      "properties": {
        "FID": 17755,
        "LineAbbr": "T2",
        "Direction": "Westbound",
        "Sequence": 25,
        "StopId": 20890,
        "StopAbbr": "BAL54TWE",
        "StopName": "Baltimore Av & 54th St",
        "Lon": -75.232139,
        "Lat": 39.947797
      },
      "geometry": {
        "type": "Point",
        "coordinates": [
          -75.232139,
          39.947797
        ]
      }
    },
    {
      "type": "Feature",
      "properties": {
        "FID": 17756,
        "LineAbbr": "T2",
        "Direction": "Westbound",
        "Sequence": 26,
        "StopId": 20891,
        "StopAbbr": "BAL55TWE",
        "StopName": "Baltimore Av & 55th St",
        "Lon": -75.233522,
        "Lat": 39.947442
      },
      "geometry": {
        "type": "Point",
        "coordinates": [
          -75.233522,
          39.947442
        ]
      }
    },
    {
      "type": "Feature",
      "properties": {
        "FID": 17757,
        "LineAbbr": "T2",
        "Direction": "Westbound",
        "Sequence": 27,
        "StopId": 20892,
        "StopAbbr": "BAL56TWE",
        "StopName": "Baltimore Av & 56th St",
        "Lon": -75.235519,
        "Lat": 39.946936
      },
      "geometry": {
        "type": "Point",
        "coordinates": [
          -75.235519,
          39.946936
        ]
      }
    },
    {
      "type": "Feature",
      "properties": {
        "FID": 17758,
        "LineAbbr": "T2",
        "Direction": "Westbound",
        "Sequence": 28,
        "StopId": 20893,
        "StopAbbr": "BAL57TWE",
        "StopName": "Baltimore Av & 57th St",
        "Lon": -75.237763,
        "Lat": 39.946431
      },
      "geometry": {
        "type": "Point",
        "coordinates": [
          -75.237763,
          39.946431
        ]
      }
    },
    {
      "type": "Feature",
      "properties": {
        "FID": 17759,
        "LineAbbr": "T2",
        "Direction": "Westbound",
        "Sequence": 29,
        "StopId": 20894,
        "StopAbbr": "BAL58TWE",
        "StopName": "Baltimore Av & 58th St",
        "Lon": -75.239937,
        "Lat": 39.945988
      },
      "geometry": {
        "type": "Point",
        "coordinates": [
          -75.239937,
          39.945988
        ]
      }
    },
    {
      "type": "Feature",
      "properties": {
        "FID": 17760,
        "LineAbbr": "T2",
        "Direction": "Westbound",
        "Sequence": 30,
        "StopId": 20895,
        "StopAbbr": "BAL59TWE",
        "StopName": "Baltimore Av & 59th St",
        "Lon": -75.241698,
        "Lat": 39.945411
      },
      "geometry": {
        "type": "Point",
        "coordinates": [
          -75.241698,
          39.945411
        ]
      }
    },
    {
      "type": "Feature",
      "properties": {
        "FID": 17761,
        "LineAbbr": "T2",
        "Direction": "Westbound",
        "Sequence": 31,
        "StopId": 20896,
        "StopAbbr": "BAL60TWE",
        "StopName": "Baltimore Av & 60th St",
        "Lon": -75.244322,
        "Lat": 39.944468
      },
      "geometry": {
        "type": "Point",
        "coordinates": [
          -75.244322,
          39.944468
        ]
      }
    },
    {
      "type": "Feature",
      "properties": {
        "FID": 17762,
        "LineAbbr": "T2",
        "Direction": "Westbound",
        "Sequence": 32,
        "StopId": 599,
        "StopAbbr": "ANGLOOWE",
        "StopName": "61st-Baltimore",
        "Lon": -75.246342,
        "Lat": 39.943963
      },
      "geometry": {
        "type": "Point",
        "coordinates": [
          -75.246342,
          39.943963
        ]
      }
    },
    {
      "type": "Feature",
      "properties": {
        "FID": 17763,
        "LineAbbr": "T2",
        "Direction": "Westbound",
        "Sequence": 33,
        "StopId": 304,
        "StopAbbr": "WOOISLSW",
        "StopName": "Woodland Av & Island Av",
        "Lon": -75.246245,
        "Lat": 39.917304
      },
      "geometry": {
        "type": "Point",
        "coordinates": [
          -75.246245,
          39.917304
        ]
      }
    },
    {
      "type": "Feature",
      "properties": {
        "FID": 17764,
        "LineAbbr": "T2",
        "Direction": "Westbound",
        "Sequence": 34,
        "StopId": 610,
        "StopAbbr": "ELM73RSW",
        "StopName": "Elmwood Av & 73rd St",
        "Lon": -75.241732,
        "Lat": 39.914335
      },
      "geometry": {
        "type": "Point",
        "coordinates": [
          -75.241732,
          39.914335
        ]
      }
    },
    {
      "type": "Feature",
      "properties": {
        "FID": 17765,
        "LineAbbr": "T3",
        "Direction": "Eastbound",
        "Sequence": 1,
        "StopId": 305,
        "StopAbbr": "DARTRA1",
        "StopName": "Darby Transit Center",
        "Lon": -75.262376,
        "Lat": 39.919085
      },
      "geometry": {
        "type": "Point",
        "coordinates": [
          -75.262376,
          39.919085
        ]
      }
    },
    {
      "type": "Feature",
      "properties": {
        "FID": 17766,
        "LineAbbr": "T3",
        "Direction": "Eastbound",
        "Sequence": 2,
        "StopId": 32523,
        "StopAbbr": "9THMAINE",
        "StopName": "9th St & Main St - MBFS",
        "Lon": -75.261845,
        "Lat": 39.918924
      },
      "geometry": {
        "type": "Point",
        "coordinates": [
          -75.261845,
          39.918924
        ]
      }
    },
    {
      "type": "Feature",
      "properties": {
        "FID": 17767,
        "LineAbbr": "T3",
        "Direction": "Eastbound",
        "Sequence": 3,
        "StopId": 20768,
        "StopAbbr": "9THRIDNE",
        "StopName": "9th St & Ridge Av",
        "Lon": -75.260545,
        "Lat": 39.919921
      },
      "geometry": {
        "type": "Point",
        "coordinates": [
          -75.260545,
          39.919921
        ]
      }
    },
    {
      "type": "Feature",
      "properties": {
        "FID": 17768,
        "LineAbbr": "T3",
        "Direction": "Eastbound",
        "Sequence": 4,
        "StopId": 20770,
        "StopAbbr": "9THSUMNE",
        "StopName": "9th St & Summit St",
        "Lon": -75.258866,
        "Lat": 39.921142
      },
      "geometry": {
        "type": "Point",
        "coordinates": [
          -75.258866,
          39.921142
        ]
      }
    },
    {
      "type": "Feature",
      "properties": {
        "FID": 17769,
        "LineAbbr": "T3",
        "Direction": "Eastbound",
        "Sequence": 5,
        "StopId": 20771,
        "StopAbbr": "9THSUINE",
        "StopName": "9th St & Summit St - MBFS",
        "Lon": -75.257482,
        "Lat": 39.92205
      },
      "geometry": {
        "type": "Point",
        "coordinates": [
          -75.257482,
          39.92205
        ]
      }
    },
    {
      "type": "Feature",
      "properties": {
        "FID": 17770,
        "LineAbbr": "T3",
        "Direction": "Eastbound",
        "Sequence": 6,
        "StopId": 20772,
        "StopAbbr": "9THCEDNE",
        "StopName": "9th St & Cedar Av",
        "Lon": -75.255994,
        "Lat": 39.922566
      },
      "geometry": {
        "type": "Point",
        "coordinates": [
          -75.255994,
          39.922566
        ]
      }
    },
    {
      "type": "Feature",
      "properties": {
        "FID": 17771,
        "LineAbbr": "T3",
        "Direction": "Eastbound",
        "Sequence": 7,
        "StopId": 20773,
        "StopAbbr": "CHEALDNE",
        "StopName": "Chester Av & Alfred Av",
        "Lon": -75.254279,
        "Lat": 39.923697
      },
      "geometry": {
        "type": "Point",
        "coordinates": [
          -75.254279,
          39.923697
        ]
      }
    },
    {
      "type": "Feature",
      "properties": {
        "FID": 17772,
        "LineAbbr": "T3",
        "Direction": "Eastbound",
        "Sequence": 8,
        "StopId": 20774,
        "StopAbbr": "CHEYEANE",
        "StopName": "Yeadon",
        "Lon": -75.252542,
        "Lat": 39.924525
      },
      "geometry": {
        "type": "Point",
        "coordinates": [
          -75.252542,
          39.924525
        ]
      }
    },
    {
      "type": "Feature",
      "properties": {
        "FID": 17773,
        "LineAbbr": "T3",
        "Direction": "Eastbound",
        "Sequence": 9,
        "StopId": 20775,
        "StopAbbr": "CHESTENE",
        "StopName": "Chester Av & Stetser Av",
        "Lon": -75.250817,
        "Lat": 39.925102
      },
      "geometry": {
        "type": "Point",
        "coordinates": [
          -75.250817,
          39.925102
        ]
      }
    },
    {
      "type": "Feature",
      "properties": {
        "FID": 17774,
        "LineAbbr": "T3",
        "Direction": "Eastbound",
        "Sequence": 10,
        "StopId": 20776,
        "StopAbbr": "CHEDUNNE",
        "StopName": "Chester Av & Duncan Av",
        "Lon": -75.249175,
        "Lat": 39.925617
      },
      "geometry": {
        "type": "Point",
        "coordinates": [
          -75.249175,
          39.925617
        ]
      }
    },
    {
      "type": "Feature",
      "properties": {
        "FID": 17775,
        "LineAbbr": "T3",
        "Direction": "Eastbound",
        "Sequence": 11,
        "StopId": 20777,
        "StopAbbr": "CHEYEAEA",
        "StopName": "Chester Av & Yeadon Av",
        "Lon": -75.247486,
        "Lat": 39.92607
      },
      "geometry": {
        "type": "Point",
        "coordinates": [
          -75.247486,
          39.92607
        ]
      }
    },
    {
      "type": "Feature",
      "properties": {
        "FID": 17776,
        "LineAbbr": "T3",
        "Direction": "Eastbound",
        "Sequence": 12,
        "StopId": 20778,
        "StopAbbr": "CHECHUNE",
        "StopName": "Chester Av & Church Ln",
        "Lon": -75.246565,
        "Lat": 39.92631
      },
      "geometry": {
        "type": "Point",
        "coordinates": [
          -75.246565,
          39.92631
        ]
      }
    },
    {
      "type": "Feature",
      "properties": {
        "FID": 17777,
        "LineAbbr": "T3",
        "Direction": "Eastbound",
        "Sequence": 13,
        "StopId": 20779,
        "StopAbbr": "CHE65TNO",
        "StopName": "Chester Av & 65th St",
        "Lon": -75.244762,
        "Lat": 39.929359
      },
      "geometry": {
        "type": "Point",
        "coordinates": [
          -75.244762,
          39.929359
        ]
      }
    },
    {
      "type": "Feature",
      "properties": {
        "FID": 17778,
        "LineAbbr": "T3",
        "Direction": "Eastbound",
        "Sequence": 14,
        "StopId": 20781,
        "StopAbbr": "65TBELEA",
        "StopName": "65th St & Belmar Av",
        "Lon": -75.24108,
        "Lat": 39.92905
      },
      "geometry": {
        "type": "Point",
        "coordinates": [
          -75.24108,
          39.92905
        ]
      }
    },
    {
      "type": "Feature",
      "properties": {
        "FID": 17779,
        "LineAbbr": "T3",
        "Direction": "Eastbound",
        "Sequence": 15,
        "StopId": 20782,
        "StopAbbr": "65TCHEEA",
        "StopName": "65th St & Chester Av",
        "Lon": -75.238897,
        "Lat": 39.928628
      },
      "geometry": {
        "type": "Point",
        "coordinates": [
          -75.238897,
          39.928628
        ]
      }
    },
    {
      "type": "Feature",
      "properties": {
        "FID": 17780,
        "LineAbbr": "T3",
        "Direction": "Eastbound",
        "Sequence": 16,
        "StopId": 20843,
        "StopAbbr": "65TKINSE",
        "StopName": "65th St & Kingsessing Av",
        "Lon": -75.23714,
        "Lat": 39.927902
      },
      "geometry": {
        "type": "Point",
        "coordinates": [
          -75.23714,
          39.927902
        ]
      }
    },
    {
      "type": "Feature",
      "properties": {
        "FID": 17781,
        "LineAbbr": "T3",
        "Direction": "Eastbound",
        "Sequence": 17,
        "StopId": 319,
        "StopAbbr": "KINCEMNE",
        "StopName": "Mt. Moriah",
        "Lon": -75.235461,
        "Lat": 39.92889
      },
      "geometry": {
        "type": "Point",
        "coordinates": [
          -75.235461,
          39.92889
        ]
      }
    },
    {
      "type": "Feature",
      "properties": {
        "FID": 17782,
        "LineAbbr": "T3",
        "Direction": "Eastbound",
        "Sequence": 18,
        "StopId": 20785,
        "StopAbbr": "KIN62NNE",
        "StopName": "Kingsessing Av & 62nd St",
        "Lon": -75.233888,
        "Lat": 39.929994
      },
      "geometry": {
        "type": "Point",
        "coordinates": [
          -75.233888,
          39.929994
        ]
      }
    },
    {
      "type": "Feature",
      "properties": {
        "FID": 17783,
        "LineAbbr": "T3",
        "Direction": "Eastbound",
        "Sequence": 19,
        "StopId": 20784,
        "StopAbbr": "KIN61SNE",
        "StopName": "Kingsessing Av & 61st St",
        "Lon": -75.232386,
        "Lat": 39.931045
      },
      "geometry": {
        "type": "Point",
        "coordinates": [
          -75.232386,
          39.931045
        ]
      }
    },
    {
      "type": "Feature",
      "properties": {
        "FID": 17784,
        "LineAbbr": "T3",
        "Direction": "Eastbound",
        "Sequence": 20,
        "StopId": 20786,
        "StopAbbr": "KIN60TNE",
        "StopName": "Kingsessing Av & 60th St",
        "Lon": -75.230316,
        "Lat": 39.932479
      },
      "geometry": {
        "type": "Point",
        "coordinates": [
          -75.230316,
          39.932479
        ]
      }
    },
    {
      "type": "Feature",
      "properties": {
        "FID": 17785,
        "LineAbbr": "T3",
        "Direction": "Eastbound",
        "Sequence": 21,
        "StopId": 20787,
        "StopAbbr": "60TCHENW",
        "StopName": "60th St & Chester Av",
        "Lon": -75.231399,
        "Lat": 39.933632
      },
      "geometry": {
        "type": "Point",
        "coordinates": [
          -75.231399,
          39.933632
        ]
      }
    },
    {
      "type": "Feature",
      "properties": {
        "FID": 17786,
        "LineAbbr": "T3",
        "Direction": "Eastbound",
        "Sequence": 22,
        "StopId": 20788,
        "StopAbbr": "CHE59TNE",
        "StopName": "Chester Av & 59th St",
        "Lon": -75.229944,
        "Lat": 39.934754
      },
      "geometry": {
        "type": "Point",
        "coordinates": [
          -75.229944,
          39.934754
        ]
      }
    },
    {
      "type": "Feature",
      "properties": {
        "FID": 17787,
        "LineAbbr": "T3",
        "Direction": "Eastbound",
        "Sequence": 23,
        "StopId": 320,
        "StopAbbr": "CHE58TNE",
        "StopName": "Chester Av & 58th St",
        "Lon": -75.228572,
        "Lat": 39.935653
      },
      "geometry": {
        "type": "Point",
        "coordinates": [
          -75.228572,
          39.935653
        ]
      }
    },
    {
      "type": "Feature",
      "properties": {
        "FID": 17788,
        "LineAbbr": "T3",
        "Direction": "Eastbound",
        "Sequence": 24,
        "StopId": 20791,
        "StopAbbr": "CHE57TNE",
        "StopName": "Chester Av & 57th St",
        "Lon": -75.227187,
        "Lat": 39.936642
      },
      "geometry": {
        "type": "Point",
        "coordinates": [
          -75.227187,
          39.936642
        ]
      }
    },
    {
      "type": "Feature",
      "properties": {
        "FID": 17789,
        "LineAbbr": "T3",
        "Direction": "Eastbound",
        "Sequence": 25,
        "StopId": 20792,
        "StopAbbr": "CHE56TNE",
        "StopName": "Chester Av & 56th St",
        "Lon": -75.225661,
        "Lat": 39.937701
      },
      "geometry": {
        "type": "Point",
        "coordinates": [
          -75.225661,
          39.937701
        ]
      }
    },
    {
      "type": "Feature",
      "properties": {
        "FID": 17790,
        "LineAbbr": "T3",
        "Direction": "Eastbound",
        "Sequence": 26,
        "StopId": 20793,
        "StopAbbr": "CHE55TNE",
        "StopName": "Chester Av & 55th St",
        "Lon": -75.224301,
        "Lat": 39.938654
      },
      "geometry": {
        "type": "Point",
        "coordinates": [
          -75.224301,
          39.938654
        ]
      }
    },
    {
      "type": "Feature",
      "properties": {
        "FID": 17791,
        "LineAbbr": "T3",
        "Direction": "Eastbound",
        "Sequence": 27,
        "StopId": 20794,
        "StopAbbr": "CHE54TNE",
        "StopName": "Chester Av & 54th St",
        "Lon": -75.222952,
        "Lat": 39.939607
      },
      "geometry": {
        "type": "Point",
        "coordinates": [
          -75.222952,
          39.939607
        ]
      }
    },
    {
      "type": "Feature",
      "properties": {
        "FID": 17792,
        "LineAbbr": "T3",
        "Direction": "Eastbound",
        "Sequence": 28,
        "StopId": 20795,
        "StopAbbr": "CHE53RNE",
        "StopName": "Chester Av & 53rd St",
        "Lon": -75.221556,
        "Lat": 39.940577
      },
      "geometry": {
        "type": "Point",
        "coordinates": [
          -75.221556,
          39.940577
        ]
      }
    },
    {
      "type": "Feature",
      "properties": {
        "FID": 17793,
        "LineAbbr": "T3",
        "Direction": "Eastbound",
        "Sequence": 29,
        "StopId": 20796,
        "StopAbbr": "CHE52NNE",
        "StopName": "Chester Av & 52nd St",
        "Lon": -75.220184,
        "Lat": 39.941539
      },
      "geometry": {
        "type": "Point",
        "coordinates": [
          -75.220184,
          39.941539
        ]
      }
    },
    {
      "type": "Feature",
      "properties": {
        "FID": 17794,
        "LineAbbr": "T3",
        "Direction": "Eastbound",
        "Sequence": 30,
        "StopId": 20797,
        "StopAbbr": "CHE51SNE",
        "StopName": "Chester Av & 51st St",
        "Lon": -75.219048,
        "Lat": 39.942349
      },
      "geometry": {
        "type": "Point",
        "coordinates": [
          -75.219048,
          39.942349
        ]
      }
    },
    {
      "type": "Feature",
      "properties": {
        "FID": 17795,
        "LineAbbr": "T3",
        "Direction": "Eastbound",
        "Sequence": 31,
        "StopId": 321,
        "StopAbbr": "CHE49TNE",
        "StopName": "Chester Av & 49th St",
        "Lon": -75.216622,
        "Lat": 39.944041
      },
      "geometry": {
        "type": "Point",
        "coordinates": [
          -75.216622,
          39.944041
        ]
      }
    },
    {
      "type": "Feature",
      "properties": {
        "FID": 17796,
        "LineAbbr": "T3",
        "Direction": "Eastbound",
        "Sequence": 32,
        "StopId": 20789,
        "StopAbbr": "CHE48TNE",
        "StopName": "Chester Av & 48th St",
        "Lon": -75.215344,
        "Lat": 39.944958
      },
      "geometry": {
        "type": "Point",
        "coordinates": [
          -75.215344,
          39.944958
        ]
      }
    },
    {
      "type": "Feature",
      "properties": {
        "FID": 17797,
        "LineAbbr": "T3",
        "Direction": "Eastbound",
        "Sequence": 33,
        "StopId": 20790,
        "StopAbbr": "CHE47TNE",
        "StopName": "Chester Av & 47th St",
        "Lon": -75.213984,
        "Lat": 39.945901
      },
      "geometry": {
        "type": "Point",
        "coordinates": [
          -75.213984,
          39.945901
        ]
      }
    },
    {
      "type": "Feature",
      "properties": {
        "FID": 17798,
        "LineAbbr": "T3",
        "Direction": "Eastbound",
        "Sequence": 34,
        "StopId": 20799,
        "StopAbbr": "CHE46TNE",
        "StopName": "Chester Av & 46th St",
        "Lon": -75.212682,
        "Lat": 39.946827
      },
      "geometry": {
        "type": "Point",
        "coordinates": [
          -75.212682,
          39.946827
        ]
      }
    },
    {
      "type": "Feature",
      "properties": {
        "FID": 17799,
        "LineAbbr": "T3",
        "Direction": "Eastbound",
        "Sequence": 35,
        "StopId": 20800,
        "StopAbbr": "CHE45TNE",
        "StopName": "Chester Av & 45th St",
        "Lon": -75.211428,
        "Lat": 39.9477
      },
      "geometry": {
        "type": "Point",
        "coordinates": [
          -75.211428,
          39.9477
        ]
      }
    },
    {
      "type": "Feature",
      "properties": {
        "FID": 17800,
        "LineAbbr": "T3",
        "Direction": "Eastbound",
        "Sequence": 36,
        "StopId": 20801,
        "StopAbbr": "CHE43REA",
        "StopName": "Chester Av & 43rd St",
        "Lon": -75.209135,
        "Lat": 39.948356
      },
      "geometry": {
        "type": "Point",
        "coordinates": [
          -75.209135,
          39.948356
        ]
      }
    },
    {
      "type": "Feature",
      "properties": {
        "FID": 17801,
        "LineAbbr": "T3",
        "Direction": "Eastbound",
        "Sequence": 37,
        "StopId": 20802,
        "StopAbbr": "CHE42NEA",
        "StopName": "Chester Av & 42nd St",
        "Lon": -75.207151,
        "Lat": 39.948424
      },
      "geometry": {
        "type": "Point",
        "coordinates": [
          -75.207151,
          39.948424
        ]
      }
    },
    {
      "type": "Feature",
      "properties": {
        "FID": 17802,
        "LineAbbr": "T3",
        "Direction": "Eastbound",
        "Sequence": 38,
        "StopId": 20804,
        "StopAbbr": "40TPORNE",
        "StopName": "40th St Portal",
        "Lon": -75.203333,
        "Lat": 39.949533
      },
      "geometry": {
        "type": "Point",
        "coordinates": [
          -75.203333,
          39.949533
        ]
      }
    },
    {
      "type": "Feature",
      "properties": {
        "FID": 17803,
        "LineAbbr": "T3",
        "Direction": "Eastbound",
        "Sequence": 39,
        "StopId": 21248,
        "StopAbbr": "40TMARSO",
        "StopName": "40th-Market",
        "Lon": -75.202021,
        "Lat": 39.957259
      },
      "geometry": {
        "type": "Point",
        "coordinates": [
          -75.202021,
          39.957259
        ]
      }
    },
    {
      "type": "Feature",
      "properties": {
        "FID": 17804,
        "LineAbbr": "T3",
        "Direction": "Eastbound",
        "Sequence": 40,
        "StopId": 20731,
        "StopAbbr": "SP37NEU",
        "StopName": "37th-Spruce",
        "Lon": -75.196586,
        "Lat": 39.950993
      },
      "geometry": {
        "type": "Point",
        "coordinates": [
          -75.196586,
          39.950993
        ]
      }
    },
    {
      "type": "Feature",
      "properties": {
        "FID": 17805,
        "LineAbbr": "T3",
        "Direction": "Eastbound",
        "Sequence": 41,
        "StopId": 20732,
        "StopAbbr": "36SANOU",
        "StopName": "36th-Sansom",
        "Lon": -75.194533,
        "Lat": 39.953854
      },
      "geometry": {
        "type": "Point",
        "coordinates": [
          -75.194533,
          39.953854
        ]
      }
    },
    {
      "type": "Feature",
      "properties": {
        "FID": 17806,
        "LineAbbr": "T3",
        "Direction": "Eastbound",
        "Sequence": 42,
        "StopId": 20642,
        "StopAbbr": "33MAEAU",
        "StopName": "33rd St",
        "Lon": -75.189523,
        "Lat": 39.954782
      },
      "geometry": {
        "type": "Point",
        "coordinates": [
          -75.189523,
          39.954782
        ]
      }
    },
    {
      "type": "Feature",
      "properties": {
        "FID": 17807,
        "LineAbbr": "T3",
        "Direction": "Eastbound",
        "Sequence": 43,
        "StopId": 20643,
        "StopAbbr": "MA30EAU",
        "StopName": "Drexel Station at 30th St",
        "Lon": -75.1835,
        "Lat": 39.954815
      },
      "geometry": {
        "type": "Point",
        "coordinates": [
          -75.1835,
          39.954815
        ]
      }
    },
    {
      "type": "Feature",
      "properties": {
        "FID": 17808,
        "LineAbbr": "T3",
        "Direction": "Eastbound",
        "Sequence": 44,
        "StopId": 20645,
        "StopAbbr": "MA22EAU",
        "StopName": "22nd St",
        "Lon": -75.176736,
        "Lat": 39.953962
      },
      "geometry": {
        "type": "Point",
        "coordinates": [
          -75.176736,
          39.953962
        ]
      }
    },
    {
      "type": "Feature",
      "properties": {
        "FID": 17809,
        "LineAbbr": "T3",
        "Direction": "Eastbound",
        "Sequence": 45,
        "StopId": 20646,
        "StopAbbr": "MA19EAU",
        "StopName": "19th St",
        "Lon": -75.171637,
        "Lat": 39.953327
      },
      "geometry": {
        "type": "Point",
        "coordinates": [
          -75.171637,
          39.953327
        ]
      }
    },
    {
      "type": "Feature",
      "properties": {
        "FID": 17810,
        "LineAbbr": "T3",
        "Direction": "Eastbound",
        "Sequence": 46,
        "StopId": 31140,
        "StopAbbr": "MA15EAU",
        "StopName": "15th St/City Hall",
        "Lon": -75.165369,
        "Lat": 39.952502
      },
      "geometry": {
        "type": "Point",
        "coordinates": [
          -75.165369,
          39.952502
        ]
      }
    },
    {
      "type": "Feature",
      "properties": {
        "FID": 17811,
        "LineAbbr": "T3",
        "Direction": "Eastbound",
        "Sequence": 47,
        "StopId": 283,
        "StopAbbr": "JUNSTANO",
        "StopName": "13th St",
        "Lon": -75.162559,
        "Lat": 39.952532
      },
      "geometry": {
        "type": "Point",
        "coordinates": [
          -75.162559,
          39.952532
        ]
      }
    },
    {
      "type": "Feature",
      "properties": {
        "FID": 17812,
        "LineAbbr": "T3",
        "Direction": "Westbound",
        "Sequence": 1,
        "StopId": 283,
        "StopAbbr": "JUNSTANO",
        "StopName": "13th St",
        "Lon": -75.162559,
        "Lat": 39.952532
      },
      "geometry": {
        "type": "Point",
        "coordinates": [
          -75.162559,
          39.952532
        ]
      }
    },
    {
      "type": "Feature",
      "properties": {
        "FID": 17813,
        "LineAbbr": "T3",
        "Direction": "Westbound",
        "Sequence": 2,
        "StopId": 20659,
        "StopAbbr": "MA15WEU",
        "StopName": "15th St/City Hall",
        "Lon": -75.165345,
        "Lat": 39.952672
      },
      "geometry": {
        "type": "Point",
        "coordinates": [
          -75.165345,
          39.952672
        ]
      }
    },
    {
      "type": "Feature",
      "properties": {
        "FID": 17814,
        "LineAbbr": "T3",
        "Direction": "Westbound",
        "Sequence": 3,
        "StopId": 20660,
        "StopAbbr": "MA19WEU",
        "StopName": "19th St",
        "Lon": -75.171483,
        "Lat": 39.953425
      },
      "geometry": {
        "type": "Point",
        "coordinates": [
          -75.171483,
          39.953425
        ]
      }
    },
    {
      "type": "Feature",
      "properties": {
        "FID": 17815,
        "LineAbbr": "T3",
        "Direction": "Westbound",
        "Sequence": 4,
        "StopId": 20661,
        "StopAbbr": "MA22WEU",
        "StopName": "22nd St",
        "Lon": -75.176571,
        "Lat": 39.954051
      },
      "geometry": {
        "type": "Point",
        "coordinates": [
          -75.176571,
          39.954051
        ]
      }
    },
    {
      "type": "Feature",
      "properties": {
        "FID": 17816,
        "LineAbbr": "T3",
        "Direction": "Westbound",
        "Sequence": 5,
        "StopId": 20662,
        "StopAbbr": "MA30WEU",
        "StopName": "Drexel Station at 30th St",
        "Lon": -75.183169,
        "Lat": 39.954894
      },
      "geometry": {
        "type": "Point",
        "coordinates": [
          -75.183169,
          39.954894
        ]
      }
    },
    {
      "type": "Feature",
      "properties": {
        "FID": 17817,
        "LineAbbr": "T3",
        "Direction": "Westbound",
        "Sequence": 6,
        "StopId": 20658,
        "StopAbbr": "33MAWEU",
        "StopName": "33rd St",
        "Lon": -75.189499,
        "Lat": 39.954871
      },
      "geometry": {
        "type": "Point",
        "coordinates": [
          -75.189499,
          39.954871
        ]
      }
    },
    {
      "type": "Feature",
      "properties": {
        "FID": 17818,
        "LineAbbr": "T3",
        "Direction": "Westbound",
        "Sequence": 7,
        "StopId": 20733,
        "StopAbbr": "36SASOU",
        "StopName": "36th-Sansom",
        "Lon": -75.194722,
        "Lat": 39.95389
      },
      "geometry": {
        "type": "Point",
        "coordinates": [
          -75.194722,
          39.95389
        ]
      }
    },
    {
      "type": "Feature",
      "properties": {
        "FID": 17819,
        "LineAbbr": "T3",
        "Direction": "Westbound",
        "Sequence": 8,
        "StopId": 20734,
        "StopAbbr": "SP37SWU",
        "StopName": "37th-Spruce",
        "Lon": -75.197306,
        "Lat": 39.951048
      },
      "geometry": {
        "type": "Point",
        "coordinates": [
          -75.197306,
          39.951048
        ]
      }
    },
    {
      "type": "Feature",
      "properties": {
        "FID": 17820,
        "LineAbbr": "T3",
        "Direction": "Westbound",
        "Sequence": 9,
        "StopId": 301,
        "StopAbbr": "40TPORSW",
        "StopName": "40th St Portal",
        "Lon": -75.203333,
        "Lat": 39.949595
      },
      "geometry": {
        "type": "Point",
        "coordinates": [
          -75.203333,
          39.949595
        ]
      }
    },
    {
      "type": "Feature",
      "properties": {
        "FID": 17821,
        "LineAbbr": "T3",
        "Direction": "Westbound",
        "Sequence": 10,
        "StopId": 21248,
        "StopAbbr": "40TMARSO",
        "StopName": "40th-Market",
        "Lon": -75.202021,
        "Lat": 39.957259
      },
      "geometry": {
        "type": "Point",
        "coordinates": [
          -75.202021,
          39.957259
        ]
      }
    },
    {
      "type": "Feature",
      "properties": {
        "FID": 17822,
        "LineAbbr": "T3",
        "Direction": "Westbound",
        "Sequence": 11,
        "StopId": 21433,
        "StopAbbr": "42NCHESO",
        "StopName": "42nd St & Chester Av",
        "Lon": -75.207174,
        "Lat": 39.948594
      },
      "geometry": {
        "type": "Point",
        "coordinates": [
          -75.207174,
          39.948594
        ]
      }
    },
    {
      "type": "Feature",
      "properties": {
        "FID": 17823,
        "LineAbbr": "T3",
        "Direction": "Westbound",
        "Sequence": 12,
        "StopId": 20807,
        "StopAbbr": "CHE42NWE",
        "StopName": "Chester Av & 42nd St",
        "Lon": -75.206879,
        "Lat": 39.948549
      },
      "geometry": {
        "type": "Point",
        "coordinates": [
          -75.206879,
          39.948549
        ]
      }
    },
    {
      "type": "Feature",
      "properties": {
        "FID": 17824,
        "LineAbbr": "T3",
        "Direction": "Westbound",
        "Sequence": 13,
        "StopId": 20808,
        "StopAbbr": "CHE43RWE",
        "StopName": "Chester Av & 43rd St",
        "Lon": -75.208945,
        "Lat": 39.948481
      },
      "geometry": {
        "type": "Point",
        "coordinates": [
          -75.208945,
          39.948481
        ]
      }
    },
    {
      "type": "Feature",
      "properties": {
        "FID": 17825,
        "LineAbbr": "T3",
        "Direction": "Westbound",
        "Sequence": 14,
        "StopId": 20809,
        "StopAbbr": "CHE45TSW",
        "StopName": "Chester Av & 45th St",
        "Lon": -75.211403,
        "Lat": 39.947878
      },
      "geometry": {
        "type": "Point",
        "coordinates": [
          -75.211403,
          39.947878
        ]
      }
    },
    {
      "type": "Feature",
      "properties": {
        "FID": 17826,
        "LineAbbr": "T3",
        "Direction": "Westbound",
        "Sequence": 15,
        "StopId": 20810,
        "StopAbbr": "CHE46TSW",
        "StopName": "Chester Av & 46th St",
        "Lon": -75.212658,
        "Lat": 39.947006
      },
      "geometry": {
        "type": "Point",
        "coordinates": [
          -75.212658,
          39.947006
        ]
      }
    },
    {
      "type": "Feature",
      "properties": {
        "FID": 17827,
        "LineAbbr": "T3",
        "Direction": "Westbound",
        "Sequence": 16,
        "StopId": 20811,
        "StopAbbr": "CHE47TSW",
        "StopName": "Chester Av & 47th St",
        "Lon": -75.213959,
        "Lat": 39.94608
      },
      "geometry": {
        "type": "Point",
        "coordinates": [
          -75.213959,
          39.94608
        ]
      }
    },
    {
      "type": "Feature",
      "properties": {
        "FID": 17828,
        "LineAbbr": "T3",
        "Direction": "Westbound",
        "Sequence": 17,
        "StopId": 20812,
        "StopAbbr": "CHE48TSW",
        "StopName": "Chester Av & 48th St",
        "Lon": -75.215285,
        "Lat": 39.945154
      },
      "geometry": {
        "type": "Point",
        "coordinates": [
          -75.215285,
          39.945154
        ]
      }
    },
    {
      "type": "Feature",
      "properties": {
        "FID": 17829,
        "LineAbbr": "T3",
        "Direction": "Westbound",
        "Sequence": 18,
        "StopId": 322,
        "StopAbbr": "CHE49TSW",
        "StopName": "Chester Av & 49th St",
        "Lon": -75.216527,
        "Lat": 39.944281
      },
      "geometry": {
        "type": "Point",
        "coordinates": [
          -75.216527,
          39.944281
        ]
      }
    },
    {
      "type": "Feature",
      "properties": {
        "FID": 17830,
        "LineAbbr": "T3",
        "Direction": "Westbound",
        "Sequence": 19,
        "StopId": 20814,
        "StopAbbr": "CHE51SSW",
        "StopName": "Chester Av & 51st St",
        "Lon": -75.219012,
        "Lat": 39.942519
      },
      "geometry": {
        "type": "Point",
        "coordinates": [
          -75.219012,
          39.942519
        ]
      }
    },
    {
      "type": "Feature",
      "properties": {
        "FID": 17831,
        "LineAbbr": "T3",
        "Direction": "Westbound",
        "Sequence": 20,
        "StopId": 20815,
        "StopAbbr": "CHE52NSW",
        "StopName": "Chester Av & 52nd St",
        "Lon": -75.220124,
        "Lat": 39.941726
      },
      "geometry": {
        "type": "Point",
        "coordinates": [
          -75.220124,
          39.941726
        ]
      }
    },
    {
      "type": "Feature",
      "properties": {
        "FID": 17832,
        "LineAbbr": "T3",
        "Direction": "Westbound",
        "Sequence": 21,
        "StopId": 20816,
        "StopAbbr": "CHE53RSW",
        "StopName": "Chester Av & 53rd St",
        "Lon": -75.221485,
        "Lat": 39.940764
      },
      "geometry": {
        "type": "Point",
        "coordinates": [
          -75.221485,
          39.940764
        ]
      }
    },
    {
      "type": "Feature",
      "properties": {
        "FID": 17833,
        "LineAbbr": "T3",
        "Direction": "Westbound",
        "Sequence": 22,
        "StopId": 20817,
        "StopAbbr": "CHE54TSW",
        "StopName": "Chester Av & 54th St",
        "Lon": -75.222893,
        "Lat": 39.939785
      },
      "geometry": {
        "type": "Point",
        "coordinates": [
          -75.222893,
          39.939785
        ]
      }
    },
    {
      "type": "Feature",
      "properties": {
        "FID": 17834,
        "LineAbbr": "T3",
        "Direction": "Westbound",
        "Sequence": 23,
        "StopId": 20818,
        "StopAbbr": "CHE55TSW",
        "StopName": "Chester Av & 55th St",
        "Lon": -75.224253,
        "Lat": 39.938832
      },
      "geometry": {
        "type": "Point",
        "coordinates": [
          -75.224253,
          39.938832
        ]
      }
    },
    {
      "type": "Feature",
      "properties": {
        "FID": 17835,
        "LineAbbr": "T3",
        "Direction": "Westbound",
        "Sequence": 24,
        "StopId": 20819,
        "StopAbbr": "CHE56TSW",
        "StopName": "Chester Av & 56th St",
        "Lon": -75.225625,
        "Lat": 39.937871
      },
      "geometry": {
        "type": "Point",
        "coordinates": [
          -75.225625,
          39.937871
        ]
      }
    },
    {
      "type": "Feature",
      "properties": {
        "FID": 17836,
        "LineAbbr": "T3",
        "Direction": "Westbound",
        "Sequence": 25,
        "StopId": 20820,
        "StopAbbr": "CHE57TSW",
        "StopName": "Chester Av & 57th St",
        "Lon": -75.227163,
        "Lat": 39.936802
      },
      "geometry": {
        "type": "Point",
        "coordinates": [
          -75.227163,
          39.936802
        ]
      }
    },
    {
      "type": "Feature",
      "properties": {
        "FID": 17837,
        "LineAbbr": "T3",
        "Direction": "Westbound",
        "Sequence": 26,
        "StopId": 323,
        "StopAbbr": "CHE58TSW",
        "StopName": "Chester Av & 58th St",
        "Lon": -75.2285,
        "Lat": 39.935832
      },
      "geometry": {
        "type": "Point",
        "coordinates": [
          -75.2285,
          39.935832
        ]
      }
    },
    {
      "type": "Feature",
      "properties": {
        "FID": 17838,
        "LineAbbr": "T3",
        "Direction": "Westbound",
        "Sequence": 27,
        "StopId": 20821,
        "StopAbbr": "CHE59TSW",
        "StopName": "Chester Av & 59th St",
        "Lon": -75.229849,
        "Lat": 39.93495
      },
      "geometry": {
        "type": "Point",
        "coordinates": [
          -75.229849,
          39.93495
        ]
      }
    },
    {
      "type": "Feature",
      "properties": {
        "FID": 17839,
        "LineAbbr": "T3",
        "Direction": "Westbound",
        "Sequence": 28,
        "StopId": 20822,
        "StopAbbr": "60TCHESW",
        "StopName": "Chester Av & 60th St",
        "Lon": -75.231469,
        "Lat": 39.933784
      },
      "geometry": {
        "type": "Point",
        "coordinates": [
          -75.231469,
          39.933784
        ]
      }
    },
    {
      "type": "Feature",
      "properties": {
        "FID": 17840,
        "LineAbbr": "T3",
        "Direction": "Westbound",
        "Sequence": 29,
        "StopId": 20823,
        "StopAbbr": "60TKINSE",
        "StopName": "60th St & Kingsessing Av",
        "Lon": -75.230339,
        "Lat": 39.932595
      },
      "geometry": {
        "type": "Point",
        "coordinates": [
          -75.230339,
          39.932595
        ]
      }
    },
    {
      "type": "Feature",
      "properties": {
        "FID": 17841,
        "LineAbbr": "T3",
        "Direction": "Westbound",
        "Sequence": 30,
        "StopId": 20824,
        "StopAbbr": "KIN61TSW",
        "StopName": "Kingsessing Av & 61st St",
        "Lon": -75.232291,
        "Lat": 39.93125
      },
      "geometry": {
        "type": "Point",
        "coordinates": [
          -75.232291,
          39.93125
        ]
      }
    },
    {
      "type": "Feature",
      "properties": {
        "FID": 17842,
        "LineAbbr": "T3",
        "Direction": "Westbound",
        "Sequence": 31,
        "StopId": 20825,
        "StopAbbr": "KIN62NSW",
        "StopName": "Kingsessing Av & 62nd St",
        "Lon": -75.233793,
        "Lat": 39.9302
      },
      "geometry": {
        "type": "Point",
        "coordinates": [
          -75.233793,
          39.9302
        ]
      }
    },
    {
      "type": "Feature",
      "properties": {
        "FID": 17843,
        "LineAbbr": "T3",
        "Direction": "Westbound",
        "Sequence": 32,
        "StopId": 324,
        "StopAbbr": "KINCEMSW",
        "StopName": "Mt. Moriah",
        "Lon": -75.235413,
        "Lat": 39.929069
      },
      "geometry": {
        "type": "Point",
        "coordinates": [
          -75.235413,
          39.929069
        ]
      }
    },
    {
      "type": "Feature",
      "properties": {
        "FID": 17844,
        "LineAbbr": "T3",
        "Direction": "Westbound",
        "Sequence": 33,
        "StopId": 20826,
        "StopAbbr": "65TKINSW",
        "StopName": "Kingsessing Av & 65th St",
        "Lon": -75.236963,
        "Lat": 39.927982
      },
      "geometry": {
        "type": "Point",
        "coordinates": [
          -75.236963,
          39.927982
        ]
      }
    },
    {
      "type": "Feature",
      "properties": {
        "FID": 17845,
        "LineAbbr": "T3",
        "Direction": "Westbound",
        "Sequence": 34,
        "StopId": 20827,
        "StopAbbr": "65TCHENW",
        "StopName": "65th St & Chester St",
        "Lon": -75.238223,
        "Lat": 39.92893
      },
      "geometry": {
        "type": "Point",
        "coordinates": [
          -75.238223,
          39.92893
        ]
      }
    },
    {
      "type": "Feature",
      "properties": {
        "FID": 17846,
        "LineAbbr": "T3",
        "Direction": "Westbound",
        "Sequence": 35,
        "StopId": 31218,
        "StopAbbr": "65TBELWE",
        "StopName": "65th St & Belmar St",
        "Lon": -75.240879,
        "Lat": 39.929104
      },
      "geometry": {
        "type": "Point",
        "coordinates": [
          -75.240879,
          39.929104
        ]
      }
    },
    {
      "type": "Feature",
      "properties": {
        "FID": 17847,
        "LineAbbr": "T3",
        "Direction": "Westbound",
        "Sequence": 36,
        "StopId": 21209,
        "StopAbbr": "65TCHSSW",
        "StopName": "Chester Av & 65th St - FS",
        "Lon": -75.244703,
        "Lat": 39.929565
      },
      "geometry": {
        "type": "Point",
        "coordinates": [
          -75.244703,
          39.929565
        ]
      }
    },
    {
      "type": "Feature",
      "properties": {
        "FID": 17848,
        "LineAbbr": "T3",
        "Direction": "Westbound",
        "Sequence": 37,
        "StopId": 20831,
        "StopAbbr": "CHECHUSW",
        "StopName": "Chester Av & Church Ln",
        "Lon": -75.246044,
        "Lat": 39.926577
      },
      "geometry": {
        "type": "Point",
        "coordinates": [
          -75.246044,
          39.926577
        ]
      }
    },
    {
      "type": "Feature",
      "properties": {
        "FID": 17849,
        "LineAbbr": "T3",
        "Direction": "Westbound",
        "Sequence": 38,
        "StopId": 30865,
        "StopAbbr": "CHEYEDSW",
        "StopName": "Chester Av & Yeadon Av",
        "Lon": -75.247368,
        "Lat": 39.926213
      },
      "geometry": {
        "type": "Point",
        "coordinates": [
          -75.247368,
          39.926213
        ]
      }
    },
    {
      "type": "Feature",
      "properties": {
        "FID": 17850,
        "LineAbbr": "T3",
        "Direction": "Westbound",
        "Sequence": 39,
        "StopId": 20833,
        "StopAbbr": "CHEDUNSW",
        "StopName": "Chester Av & Duncan Av",
        "Lon": -75.249045,
        "Lat": 39.92576
      },
      "geometry": {
        "type": "Point",
        "coordinates": [
          -75.249045,
          39.92576
        ]
      }
    },
    {
      "type": "Feature",
      "properties": {
        "FID": 17851,
        "LineAbbr": "T3",
        "Direction": "Westbound",
        "Sequence": 40,
        "StopId": 20834,
        "StopAbbr": "CHESTESW",
        "StopName": "Chester Av & Stetser Av",
        "Lon": -75.250699,
        "Lat": 39.925245
      },
      "geometry": {
        "type": "Point",
        "coordinates": [
          -75.250699,
          39.925245
        ]
      }
    },
    {
      "type": "Feature",
      "properties": {
        "FID": 17852,
        "LineAbbr": "T3",
        "Direction": "Westbound",
        "Sequence": 41,
        "StopId": 325,
        "StopAbbr": "CHECALSW",
        "StopName": "Yeadon",
        "Lon": -75.252447,
        "Lat": 39.924685
      },
      "geometry": {
        "type": "Point",
        "coordinates": [
          -75.252447,
          39.924685
        ]
      }
    },
    {
      "type": "Feature",
      "properties": {
        "FID": 17853,
        "LineAbbr": "T3",
        "Direction": "Westbound",
        "Sequence": 42,
        "StopId": 20835,
        "StopAbbr": "CHEALFSW",
        "StopName": "Chester Av & Alfred Av",
        "Lon": -75.254161,
        "Lat": 39.923875
      },
      "geometry": {
        "type": "Point",
        "coordinates": [
          -75.254161,
          39.923875
        ]
      }
    },
    {
      "type": "Feature",
      "properties": {
        "FID": 17854,
        "LineAbbr": "T3",
        "Direction": "Westbound",
        "Sequence": 43,
        "StopId": 20836,
        "StopAbbr": "CHECEDSW",
        "StopName": "Chester Av & Cedar Av",
        "Lon": -75.255946,
        "Lat": 39.923012
      },
      "geometry": {
        "type": "Point",
        "coordinates": [
          -75.255946,
          39.923012
        ]
      }
    },
    {
      "type": "Feature",
      "properties": {
        "FID": 17855,
        "LineAbbr": "T3",
        "Direction": "Westbound",
        "Sequence": 44,
        "StopId": 20838,
        "StopAbbr": "10TMULSW",
        "StopName": "10th St & Mulberry Av",
        "Lon": -75.257349,
        "Lat": 39.923621
      },
      "geometry": {
        "type": "Point",
        "coordinates": [
          -75.257349,
          39.923621
        ]
      }
    },
    {
      "type": "Feature",
      "properties": {
        "FID": 17856,
        "LineAbbr": "T3",
        "Direction": "Westbound",
        "Sequence": 45,
        "StopId": 20839,
        "StopAbbr": "10TWYCSW",
        "StopName": "10th St & Wycombe Av",
        "Lon": -75.258471,
        "Lat": 39.923096
      },
      "geometry": {
        "type": "Point",
        "coordinates": [
          -75.258471,
          39.923096
        ]
      }
    },
    {
      "type": "Feature",
      "properties": {
        "FID": 17857,
        "LineAbbr": "T3",
        "Direction": "Westbound",
        "Sequence": 46,
        "StopId": 20840,
        "StopAbbr": "10TSUMSW",
        "StopName": "10th St & Summit St",
        "Lon": -75.259641,
        "Lat": 39.922553
      },
      "geometry": {
        "type": "Point",
        "coordinates": [
          -75.259641,
          39.922553
        ]
      }
    },
    {
      "type": "Feature",
      "properties": {
        "FID": 17858,
        "LineAbbr": "T3",
        "Direction": "Westbound",
        "Sequence": 47,
        "StopId": 20841,
        "StopAbbr": "10TRIDSW",
        "StopName": "10th St & Ridge Av",
        "Lon": -75.261462,
        "Lat": 39.921306
      },
      "geometry": {
        "type": "Point",
        "coordinates": [
          -75.261462,
          39.921306
        ]
      }
    },
    {
      "type": "Feature",
      "properties": {
        "FID": 17859,
        "LineAbbr": "T3",
        "Direction": "Westbound",
        "Sequence": 48,
        "StopId": 30866,
        "StopAbbr": "10TMAISW",
        "StopName": "10th St & Main St",
        "Lon": -75.263141,
        "Lat": 39.920121
      },
      "geometry": {
        "type": "Point",
        "coordinates": [
          -75.263141,
          39.920121
        ]
      }
    },
    {
      "type": "Feature",
      "properties": {
        "FID": 17860,
        "LineAbbr": "T3",
        "Direction": "Westbound",
        "Sequence": 49,
        "StopId": 305,
        "StopAbbr": "DARTRA1",
        "StopName": "Darby Transit Center",
        "Lon": -75.262376,
        "Lat": 39.919085
      },
      "geometry": {
        "type": "Point",
        "coordinates": [
          -75.262376,
          39.919085
        ]
      }
    },
    {
      "type": "Feature",
      "properties": {
        "FID": 17861,
        "LineAbbr": "T4",
        "Direction": "Eastbound",
        "Sequence": 1,
        "StopId": 305,
        "StopAbbr": "DARTRA1",
        "StopName": "Darby Transit Center",
        "Lon": -75.262376,
        "Lat": 39.919085
      },
      "geometry": {
        "type": "Point",
        "coordinates": [
          -75.262376,
          39.919085
        ]
      }
    },
    {
      "type": "Feature",
      "properties": {
        "FID": 17862,
        "LineAbbr": "T4",
        "Direction": "Eastbound",
        "Sequence": 2,
        "StopId": 24568,
        "StopAbbr": "MAIMISEA",
        "StopName": "Main St & Mill St",
        "Lon": -75.260053,
        "Lat": 39.918091
      },
      "geometry": {
        "type": "Point",
        "coordinates": [
          -75.260053,
          39.918091
        ]
      }
    },
    {
      "type": "Feature",
      "properties": {
        "FID": 17863,
        "LineAbbr": "T4",
        "Direction": "Eastbound",
        "Sequence": 3,
        "StopId": 20697,
        "StopAbbr": "MAISUMEA",
        "StopName": "Main St & Summit St",
        "Lon": -75.257315,
        "Lat": 39.918088
      },
      "geometry": {
        "type": "Point",
        "coordinates": [
          -75.257315,
          39.918088
        ]
      }
    },
    {
      "type": "Feature",
      "properties": {
        "FID": 17864,
        "LineAbbr": "T4",
        "Direction": "Eastbound",
        "Sequence": 4,
        "StopId": 20698,
        "StopAbbr": "MAI6THEA",
        "StopName": "Main St & 6th St",
        "Lon": -75.255852,
        "Lat": 39.917791
      },
      "geometry": {
        "type": "Point",
        "coordinates": [
          -75.255852,
          39.917791
        ]
      }
    },
    {
      "type": "Feature",
      "properties": {
        "FID": 17865,
        "LineAbbr": "T4",
        "Direction": "Eastbound",
        "Sequence": 5,
        "StopId": 20699,
        "StopAbbr": "MAI5THEA",
        "StopName": "Main St & 5th St",
        "Lon": -75.254613,
        "Lat": 39.917504
      },
      "geometry": {
        "type": "Point",
        "coordinates": [
          -75.254613,
          39.917504
        ]
      }
    },
    {
      "type": "Feature",
      "properties": {
        "FID": 17866,
        "LineAbbr": "T4",
        "Direction": "Eastbound",
        "Sequence": 6,
        "StopId": 20700,
        "StopAbbr": "MAI4THEA",
        "StopName": "Main St & 4th St",
        "Lon": -75.253044,
        "Lat": 39.917144
      },
      "geometry": {
        "type": "Point",
        "coordinates": [
          -75.253044,
          39.917144
        ]
      }
    },
    {
      "type": "Feature",
      "properties": {
        "FID": 17867,
        "LineAbbr": "T4",
        "Direction": "Eastbound",
        "Sequence": 7,
        "StopId": 20701,
        "StopAbbr": "MAI3RDEA",
        "StopName": "Main St & 3rd St",
        "Lon": -75.251841,
        "Lat": 39.916866
      },
      "geometry": {
        "type": "Point",
        "coordinates": [
          -75.251841,
          39.916866
        ]
      }
    },
    {
      "type": "Feature",
      "properties": {
        "FID": 17868,
        "LineAbbr": "T4",
        "Direction": "Eastbound",
        "Sequence": 8,
        "StopId": 20702,
        "StopAbbr": "MAI2NDEA",
        "StopName": "Main St & 2nd St",
        "Lon": -75.250567,
        "Lat": 39.916579
      },
      "geometry": {
        "type": "Point",
        "coordinates": [
          -75.250567,
          39.916579
        ]
      }
    },
    {
      "type": "Feature",
      "properties": {
        "FID": 17869,
        "LineAbbr": "T4",
        "Direction": "Eastbound",
        "Sequence": 9,
        "StopId": 20703,
        "StopAbbr": "MAIFROEA",
        "StopName": "Main St & Front St",
        "Lon": -75.24921,
        "Lat": 39.916363
      },
      "geometry": {
        "type": "Point",
        "coordinates": [
          -75.24921,
          39.916363
        ]
      }
    },
    {
      "type": "Feature",
      "properties": {
        "FID": 17870,
        "LineAbbr": "T4",
        "Direction": "Eastbound",
        "Sequence": 10,
        "StopId": 20704,
        "StopAbbr": "WOOISLNE",
        "StopName": "Woodland Av & Island Av",
        "Lon": -75.246376,
        "Lat": 39.917099
      },
      "geometry": {
        "type": "Point",
        "coordinates": [
          -75.246376,
          39.917099
        ]
      }
    },
    {
      "type": "Feature",
      "properties": {
        "FID": 17871,
        "LineAbbr": "T4",
        "Direction": "Eastbound",
        "Sequence": 11,
        "StopId": 20705,
        "StopAbbr": "WOO72NNE",
        "StopName": "Woodland Av & 72nd St",
        "Lon": -75.244412,
        "Lat": 39.918432
      },
      "geometry": {
        "type": "Point",
        "coordinates": [
          -75.244412,
          39.918432
        ]
      }
    },
    {
      "type": "Feature",
      "properties": {
        "FID": 17872,
        "LineAbbr": "T4",
        "Direction": "Eastbound",
        "Sequence": 12,
        "StopId": 20706,
        "StopAbbr": "WOO71SNE",
        "StopName": "Woodland Av & 71st St",
        "Lon": -75.243077,
        "Lat": 39.919361
      },
      "geometry": {
        "type": "Point",
        "coordinates": [
          -75.243077,
          39.919361
        ]
      }
    },
    {
      "type": "Feature",
      "properties": {
        "FID": 17873,
        "LineAbbr": "T4",
        "Direction": "Eastbound",
        "Sequence": 13,
        "StopId": 20707,
        "StopAbbr": "WOO7OTNE",
        "StopName": "Woodland Av & 70th St",
        "Lon": -75.24148,
        "Lat": 39.920483
      },
      "geometry": {
        "type": "Point",
        "coordinates": [
          -75.24148,
          39.920483
        ]
      }
    },
    {
      "type": "Feature",
      "properties": {
        "FID": 17874,
        "LineAbbr": "T4",
        "Direction": "Eastbound",
        "Sequence": 14,
        "StopId": 20708,
        "StopAbbr": "WOO69TNE",
        "StopName": "Woodland Av & 69th St",
        "Lon": -75.240097,
        "Lat": 39.921463
      },
      "geometry": {
        "type": "Point",
        "coordinates": [
          -75.240097,
          39.921463
        ]
      }
    },
    {
      "type": "Feature",
      "properties": {
        "FID": 17875,
        "LineAbbr": "T4",
        "Direction": "Eastbound",
        "Sequence": 15,
        "StopId": 20709,
        "StopAbbr": "WOO68TNE",
        "StopName": "Woodland Av & 68th St",
        "Lon": -75.238441,
        "Lat": 39.922621
      },
      "geometry": {
        "type": "Point",
        "coordinates": [
          -75.238441,
          39.922621
        ]
      }
    },
    {
      "type": "Feature",
      "properties": {
        "FID": 17876,
        "LineAbbr": "T4",
        "Direction": "Eastbound",
        "Sequence": 16,
        "StopId": 20710,
        "StopAbbr": "WOO67TNE",
        "StopName": "Woodland Av & 67th St",
        "Lon": -75.236927,
        "Lat": 39.923689
      },
      "geometry": {
        "type": "Point",
        "coordinates": [
          -75.236927,
          39.923689
        ]
      }
    },
    {
      "type": "Feature",
      "properties": {
        "FID": 17877,
        "LineAbbr": "T4",
        "Direction": "Eastbound",
        "Sequence": 17,
        "StopId": 20711,
        "StopAbbr": "WOO66TNE",
        "StopName": "Woodland Av & 66th St",
        "Lon": -75.235614,
        "Lat": 39.924615
      },
      "geometry": {
        "type": "Point",
        "coordinates": [
          -75.235614,
          39.924615
        ]
      }
    },
    {
      "type": "Feature",
      "properties": {
        "FID": 17878,
        "LineAbbr": "T4",
        "Direction": "Eastbound",
        "Sequence": 18,
        "StopId": 20712,
        "StopAbbr": "WOO65TNE",
        "StopName": "Woodland Av & 65th St",
        "Lon": -75.234396,
        "Lat": 39.925479
      },
      "geometry": {
        "type": "Point",
        "coordinates": [
          -75.234396,
          39.925479
        ]
      }
    },
    {
      "type": "Feature",
      "properties": {
        "FID": 17879,
        "LineAbbr": "T4",
        "Direction": "Eastbound",
        "Sequence": 19,
        "StopId": 20713,
        "StopAbbr": "WOO64TNE",
        "StopName": "Woodland Av & 64th St",
        "Lon": -75.233142,
        "Lat": 39.926352
      },
      "geometry": {
        "type": "Point",
        "coordinates": [
          -75.233142,
          39.926352
        ]
      }
    },
    {
      "type": "Feature",
      "properties": {
        "FID": 17880,
        "LineAbbr": "T4",
        "Direction": "Eastbound",
        "Sequence": 20,
        "StopId": 20714,
        "StopAbbr": "WOO63RNE",
        "StopName": "Woodland Av & 63rd St",
        "Lon": -75.231782,
        "Lat": 39.927314
      },
      "geometry": {
        "type": "Point",
        "coordinates": [
          -75.231782,
          39.927314
        ]
      }
    },
    {
      "type": "Feature",
      "properties": {
        "FID": 17881,
        "LineAbbr": "T4",
        "Direction": "Eastbound",
        "Sequence": 21,
        "StopId": 20715,
        "StopAbbr": "WOO62NNE",
        "StopName": "Woodland Av & 62nd St",
        "Lon": -75.230765,
        "Lat": 39.928017
      },
      "geometry": {
        "type": "Point",
        "coordinates": [
          -75.230765,
          39.928017
        ]
      }
    },
    {
      "type": "Feature",
      "properties": {
        "FID": 17882,
        "LineAbbr": "T4",
        "Direction": "Eastbound",
        "Sequence": 22,
        "StopId": 20717,
        "StopAbbr": "WOO61SNE",
        "StopName": "Woodland Av & 61st St",
        "Lon": -75.229287,
        "Lat": 39.929041
      },
      "geometry": {
        "type": "Point",
        "coordinates": [
          -75.229287,
          39.929041
        ]
      }
    },
    {
      "type": "Feature",
      "properties": {
        "FID": 17883,
        "LineAbbr": "T4",
        "Direction": "Eastbound",
        "Sequence": 23,
        "StopId": 20716,
        "StopAbbr": "WOO60TNE",
        "StopName": "Woodland Av & 60th St",
        "Lon": -75.227642,
        "Lat": 39.930217
      },
      "geometry": {
        "type": "Point",
        "coordinates": [
          -75.227642,
          39.930217
        ]
      }
    },
    {
      "type": "Feature",
      "properties": {
        "FID": 17884,
        "LineAbbr": "T4",
        "Direction": "Eastbound",
        "Sequence": 24,
        "StopId": 20718,
        "StopAbbr": "WOO58TNE",
        "StopName": "Woodland Av & 58th St",
        "Lon": -75.224673,
        "Lat": 39.932309
      },
      "geometry": {
        "type": "Point",
        "coordinates": [
          -75.224673,
          39.932309
        ]
      }
    },
    {
      "type": "Feature",
      "properties": {
        "FID": 17885,
        "LineAbbr": "T4",
        "Direction": "Eastbound",
        "Sequence": 25,
        "StopId": 20719,
        "StopAbbr": "WOO57TNE",
        "StopName": "Woodland Av & 57th St",
        "Lon": -75.223289,
        "Lat": 39.933297
      },
      "geometry": {
        "type": "Point",
        "coordinates": [
          -75.223289,
          39.933297
        ]
      }
    },
    {
      "type": "Feature",
      "properties": {
        "FID": 17886,
        "LineAbbr": "T4",
        "Direction": "Eastbound",
        "Sequence": 26,
        "StopId": 20720,
        "StopAbbr": "WOO56TNE",
        "StopName": "Woodland Av & 56th St",
        "Lon": -75.22181,
        "Lat": 39.934339
      },
      "geometry": {
        "type": "Point",
        "coordinates": [
          -75.22181,
          39.934339
        ]
      }
    },
    {
      "type": "Feature",
      "properties": {
        "FID": 17887,
        "LineAbbr": "T4",
        "Direction": "Eastbound",
        "Sequence": 27,
        "StopId": 20721,
        "StopAbbr": "WOO55TNE",
        "StopName": "Woodland Av & 55th St",
        "Lon": -75.22045,
        "Lat": 39.935292
      },
      "geometry": {
        "type": "Point",
        "coordinates": [
          -75.22045,
          39.935292
        ]
      }
    },
    {
      "type": "Feature",
      "properties": {
        "FID": 17888,
        "LineAbbr": "T4",
        "Direction": "Eastbound",
        "Sequence": 28,
        "StopId": 20722,
        "StopAbbr": "WOO54TNE",
        "StopName": "Woodland Av & 54th St",
        "Lon": -75.219054,
        "Lat": 39.936262
      },
      "geometry": {
        "type": "Point",
        "coordinates": [
          -75.219054,
          39.936262
        ]
      }
    },
    {
      "type": "Feature",
      "properties": {
        "FID": 17889,
        "LineAbbr": "T4",
        "Direction": "Eastbound",
        "Sequence": 29,
        "StopId": 21208,
        "StopAbbr": "WOO53RNE",
        "StopName": "Woodland Av & 53rd St",
        "Lon": -75.217681,
        "Lat": 39.937242
      },
      "geometry": {
        "type": "Point",
        "coordinates": [
          -75.217681,
          39.937242
        ]
      }
    },
    {
      "type": "Feature",
      "properties": {
        "FID": 17890,
        "LineAbbr": "T4",
        "Direction": "Eastbound",
        "Sequence": 30,
        "StopId": 20723,
        "StopAbbr": "WOO52NNE",
        "StopName": "Woodland Av & 52nd St",
        "Lon": -75.216297,
        "Lat": 39.938203
      },
      "geometry": {
        "type": "Point",
        "coordinates": [
          -75.216297,
          39.938203
        ]
      }
    },
    {
      "type": "Feature",
      "properties": {
        "FID": 17891,
        "LineAbbr": "T4",
        "Direction": "Eastbound",
        "Sequence": 31,
        "StopId": 20724,
        "StopAbbr": "WOO51SNE",
        "StopName": "Woodland Av & 51st St",
        "Lon": -75.215197,
        "Lat": 39.938987
      },
      "geometry": {
        "type": "Point",
        "coordinates": [
          -75.215197,
          39.938987
        ]
      }
    },
    {
      "type": "Feature",
      "properties": {
        "FID": 17892,
        "LineAbbr": "T4",
        "Direction": "Eastbound",
        "Sequence": 32,
        "StopId": 20725,
        "StopAbbr": "WOO50TNE",
        "StopName": "Woodland Av & 50th St",
        "Lon": -75.213907,
        "Lat": 39.939886
      },
      "geometry": {
        "type": "Point",
        "coordinates": [
          -75.213907,
          39.939886
        ]
      }
    },
    {
      "type": "Feature",
      "properties": {
        "FID": 17893,
        "LineAbbr": "T4",
        "Direction": "Eastbound",
        "Sequence": 33,
        "StopId": 297,
        "StopAbbr": "WOO49TNE",
        "StopName": "Woodland Av & 49th St",
        "Lon": -75.212665,
        "Lat": 39.940767
      },
      "geometry": {
        "type": "Point",
        "coordinates": [
          -75.212665,
          39.940767
        ]
      }
    },
    {
      "type": "Feature",
      "properties": {
        "FID": 17894,
        "LineAbbr": "T4",
        "Direction": "Eastbound",
        "Sequence": 34,
        "StopId": 20726,
        "StopAbbr": "WOO48TNE",
        "StopName": "Woodland Av & 48th St",
        "Lon": -75.211728,
        "Lat": 39.941953
      },
      "geometry": {
        "type": "Point",
        "coordinates": [
          -75.211728,
          39.941953
        ]
      }
    },
    {
      "type": "Feature",
      "properties": {
        "FID": 17895,
        "LineAbbr": "T4",
        "Direction": "Eastbound",
        "Sequence": 35,
        "StopId": 20958,
        "StopAbbr": "WOO47TNE",
        "StopName": "Woodland Av & 47th St",
        "Lon": -75.210839,
        "Lat": 39.943245
      },
      "geometry": {
        "type": "Point",
        "coordinates": [
          -75.210839,
          39.943245
        ]
      }
    },
    {
      "type": "Feature",
      "properties": {
        "FID": 17896,
        "LineAbbr": "T4",
        "Direction": "Eastbound",
        "Sequence": 36,
        "StopId": 20727,
        "StopAbbr": "WOO46TNE",
        "StopName": "Woodland Av & 46th St",
        "Lon": -75.209797,
        "Lat": 39.944323
      },
      "geometry": {
        "type": "Point",
        "coordinates": [
          -75.209797,
          39.944323
        ]
      }
    },
    {
      "type": "Feature",
      "properties": {
        "FID": 17897,
        "LineAbbr": "T4",
        "Direction": "Eastbound",
        "Sequence": 37,
        "StopId": 20728,
        "StopAbbr": "WOO45TNE",
        "StopName": "Woodland Av & 45th St",
        "Lon": -75.208565,
        "Lat": 39.94541
      },
      "geometry": {
        "type": "Point",
        "coordinates": [
          -75.208565,
          39.94541
        ]
      }
    },
    {
      "type": "Feature",
      "properties": {
        "FID": 17898,
        "LineAbbr": "T4",
        "Direction": "Eastbound",
        "Sequence": 38,
        "StopId": 20729,
        "StopAbbr": "WOO42NNE",
        "StopName": "Woodland Av & 42nd St",
        "Lon": -75.207121,
        "Lat": 39.946675
      },
      "geometry": {
        "type": "Point",
        "coordinates": [
          -75.207121,
          39.946675
        ]
      }
    },
    {
      "type": "Feature",
      "properties": {
        "FID": 17899,
        "LineAbbr": "T4",
        "Direction": "Eastbound",
        "Sequence": 39,
        "StopId": 20804,
        "StopAbbr": "40TPORNE",
        "StopName": "40th St Portal",
        "Lon": -75.203333,
        "Lat": 39.949533
      },
      "geometry": {
        "type": "Point",
        "coordinates": [
          -75.203333,
          39.949533
        ]
      }
    },
    {
      "type": "Feature",
      "properties": {
        "FID": 17900,
        "LineAbbr": "T4",
        "Direction": "Eastbound",
        "Sequence": 40,
        "StopId": 21248,
        "StopAbbr": "40TMARSO",
        "StopName": "40th-Market",
        "Lon": -75.202021,
        "Lat": 39.957259
      },
      "geometry": {
        "type": "Point",
        "coordinates": [
          -75.202021,
          39.957259
        ]
      }
    },
    {
      "type": "Feature",
      "properties": {
        "FID": 17901,
        "LineAbbr": "T4",
        "Direction": "Eastbound",
        "Sequence": 41,
        "StopId": 20731,
        "StopAbbr": "SP37NEU",
        "StopName": "37th-Spruce",
        "Lon": -75.196586,
        "Lat": 39.950993
      },
      "geometry": {
        "type": "Point",
        "coordinates": [
          -75.196586,
          39.950993
        ]
      }
    },
    {
      "type": "Feature",
      "properties": {
        "FID": 17902,
        "LineAbbr": "T4",
        "Direction": "Eastbound",
        "Sequence": 42,
        "StopId": 20732,
        "StopAbbr": "36SANOU",
        "StopName": "36th-Sansom",
        "Lon": -75.194533,
        "Lat": 39.953854
      },
      "geometry": {
        "type": "Point",
        "coordinates": [
          -75.194533,
          39.953854
        ]
      }
    },
    {
      "type": "Feature",
      "properties": {
        "FID": 17903,
        "LineAbbr": "T4",
        "Direction": "Eastbound",
        "Sequence": 43,
        "StopId": 20642,
        "StopAbbr": "33MAEAU",
        "StopName": "33rd St",
        "Lon": -75.189523,
        "Lat": 39.954782
      },
      "geometry": {
        "type": "Point",
        "coordinates": [
          -75.189523,
          39.954782
        ]
      }
    },
    {
      "type": "Feature",
      "properties": {
        "FID": 17904,
        "LineAbbr": "T4",
        "Direction": "Eastbound",
        "Sequence": 44,
        "StopId": 20643,
        "StopAbbr": "MA30EAU",
        "StopName": "Drexel Station at 30th St",
        "Lon": -75.1835,
        "Lat": 39.954815
      },
      "geometry": {
        "type": "Point",
        "coordinates": [
          -75.1835,
          39.954815
        ]
      }
    },
    {
      "type": "Feature",
      "properties": {
        "FID": 17905,
        "LineAbbr": "T4",
        "Direction": "Eastbound",
        "Sequence": 45,
        "StopId": 20645,
        "StopAbbr": "MA22EAU",
        "StopName": "22nd St",
        "Lon": -75.176736,
        "Lat": 39.953962
      },
      "geometry": {
        "type": "Point",
        "coordinates": [
          -75.176736,
          39.953962
        ]
      }
    },
    {
      "type": "Feature",
      "properties": {
        "FID": 17906,
        "LineAbbr": "T4",
        "Direction": "Eastbound",
        "Sequence": 46,
        "StopId": 20646,
        "StopAbbr": "MA19EAU",
        "StopName": "19th St",
        "Lon": -75.171637,
        "Lat": 39.953327
      },
      "geometry": {
        "type": "Point",
        "coordinates": [
          -75.171637,
          39.953327
        ]
      }
    },
    {
      "type": "Feature",
      "properties": {
        "FID": 17907,
        "LineAbbr": "T4",
        "Direction": "Eastbound",
        "Sequence": 47,
        "StopId": 31140,
        "StopAbbr": "MA15EAU",
        "StopName": "15th St/City Hall",
        "Lon": -75.165369,
        "Lat": 39.952502
      },
      "geometry": {
        "type": "Point",
        "coordinates": [
          -75.165369,
          39.952502
        ]
      }
    },
    {
      "type": "Feature",
      "properties": {
        "FID": 17908,
        "LineAbbr": "T4",
        "Direction": "Eastbound",
        "Sequence": 48,
        "StopId": 283,
        "StopAbbr": "JUNSTANO",
        "StopName": "13th St",
        "Lon": -75.162559,
        "Lat": 39.952532
      },
      "geometry": {
        "type": "Point",
        "coordinates": [
          -75.162559,
          39.952532
        ]
      }
    },
    {
      "type": "Feature",
      "properties": {
        "FID": 17909,
        "LineAbbr": "T4",
        "Direction": "Westbound",
        "Sequence": 1,
        "StopId": 283,
        "StopAbbr": "JUNSTANO",
        "StopName": "13th St",
        "Lon": -75.162559,
        "Lat": 39.952532
      },
      "geometry": {
        "type": "Point",
        "coordinates": [
          -75.162559,
          39.952532
        ]
      }
    },
    {
      "type": "Feature",
      "properties": {
        "FID": 17910,
        "LineAbbr": "T4",
        "Direction": "Westbound",
        "Sequence": 2,
        "StopId": 20659,
        "StopAbbr": "MA15WEU",
        "StopName": "15th St/City Hall",
        "Lon": -75.165345,
        "Lat": 39.952672
      },
      "geometry": {
        "type": "Point",
        "coordinates": [
          -75.165345,
          39.952672
        ]
      }
    },
    {
      "type": "Feature",
      "properties": {
        "FID": 17911,
        "LineAbbr": "T4",
        "Direction": "Westbound",
        "Sequence": 3,
        "StopId": 20660,
        "StopAbbr": "MA19WEU",
        "StopName": "19th St",
        "Lon": -75.171483,
        "Lat": 39.953425
      },
      "geometry": {
        "type": "Point",
        "coordinates": [
          -75.171483,
          39.953425
        ]
      }
    },
    {
      "type": "Feature",
      "properties": {
        "FID": 17912,
        "LineAbbr": "T4",
        "Direction": "Westbound",
        "Sequence": 4,
        "StopId": 20661,
        "StopAbbr": "MA22WEU",
        "StopName": "22nd St",
        "Lon": -75.176571,
        "Lat": 39.954051
      },
      "geometry": {
        "type": "Point",
        "coordinates": [
          -75.176571,
          39.954051
        ]
      }
    },
    {
      "type": "Feature",
      "properties": {
        "FID": 17913,
        "LineAbbr": "T4",
        "Direction": "Westbound",
        "Sequence": 5,
        "StopId": 20662,
        "StopAbbr": "MA30WEU",
        "StopName": "Drexel Station at 30th St",
        "Lon": -75.183169,
        "Lat": 39.954894
      },
      "geometry": {
        "type": "Point",
        "coordinates": [
          -75.183169,
          39.954894
        ]
      }
    },
    {
      "type": "Feature",
      "properties": {
        "FID": 17914,
        "LineAbbr": "T4",
        "Direction": "Westbound",
        "Sequence": 6,
        "StopId": 20658,
        "StopAbbr": "33MAWEU",
        "StopName": "33rd St",
        "Lon": -75.189499,
        "Lat": 39.954871
      },
      "geometry": {
        "type": "Point",
        "coordinates": [
          -75.189499,
          39.954871
        ]
      }
    },
    {
      "type": "Feature",
      "properties": {
        "FID": 17915,
        "LineAbbr": "T4",
        "Direction": "Westbound",
        "Sequence": 7,
        "StopId": 20733,
        "StopAbbr": "36SASOU",
        "StopName": "36th-Sansom",
        "Lon": -75.194722,
        "Lat": 39.95389
      },
      "geometry": {
        "type": "Point",
        "coordinates": [
          -75.194722,
          39.95389
        ]
      }
    },
    {
      "type": "Feature",
      "properties": {
        "FID": 17916,
        "LineAbbr": "T4",
        "Direction": "Westbound",
        "Sequence": 8,
        "StopId": 20734,
        "StopAbbr": "SP37SWU",
        "StopName": "37th-Spruce",
        "Lon": -75.197306,
        "Lat": 39.951048
      },
      "geometry": {
        "type": "Point",
        "coordinates": [
          -75.197306,
          39.951048
        ]
      }
    },
    {
      "type": "Feature",
      "properties": {
        "FID": 17917,
        "LineAbbr": "T4",
        "Direction": "Westbound",
        "Sequence": 9,
        "StopId": 21248,
        "StopAbbr": "40TMARSO",
        "StopName": "40th-Market",
        "Lon": -75.202021,
        "Lat": 39.957259
      },
      "geometry": {
        "type": "Point",
        "coordinates": [
          -75.202021,
          39.957259
        ]
      }
    },
    {
      "type": "Feature",
      "properties": {
        "FID": 17918,
        "LineAbbr": "T4",
        "Direction": "Westbound",
        "Sequence": 10,
        "StopId": 301,
        "StopAbbr": "40TPORSW",
        "StopName": "40th St Portal",
        "Lon": -75.203333,
        "Lat": 39.949595
      },
      "geometry": {
        "type": "Point",
        "coordinates": [
          -75.203333,
          39.949595
        ]
      }
    },
    {
      "type": "Feature",
      "properties": {
        "FID": 17919,
        "LineAbbr": "T4",
        "Direction": "Westbound",
        "Sequence": 11,
        "StopId": 20736,
        "StopAbbr": "WOO42NSW",
        "StopName": "Woodland Av & 42nd St",
        "Lon": -75.206907,
        "Lat": 39.946987
      },
      "geometry": {
        "type": "Point",
        "coordinates": [
          -75.206907,
          39.946987
        ]
      }
    },
    {
      "type": "Feature",
      "properties": {
        "FID": 17920,
        "LineAbbr": "T4",
        "Direction": "Westbound",
        "Sequence": 12,
        "StopId": 20737,
        "StopAbbr": "WOO43RSW",
        "StopName": "Woodland Av & 43rd St",
        "Lon": -75.20834,
        "Lat": 39.945767
      },
      "geometry": {
        "type": "Point",
        "coordinates": [
          -75.20834,
          39.945767
        ]
      }
    },
    {
      "type": "Feature",
      "properties": {
        "FID": 17921,
        "LineAbbr": "T4",
        "Direction": "Westbound",
        "Sequence": 13,
        "StopId": 20739,
        "StopAbbr": "WOO46TSW",
        "StopName": "Woodland Av & 46th St",
        "Lon": -75.209725,
        "Lat": 39.944537
      },
      "geometry": {
        "type": "Point",
        "coordinates": [
          -75.209725,
          39.944537
        ]
      }
    },
    {
      "type": "Feature",
      "properties": {
        "FID": 17922,
        "LineAbbr": "T4",
        "Direction": "Westbound",
        "Sequence": 14,
        "StopId": 20740,
        "StopAbbr": "WOO48TSW",
        "StopName": "Woodland Av & 48th St",
        "Lon": -75.211716,
        "Lat": 39.942176
      },
      "geometry": {
        "type": "Point",
        "coordinates": [
          -75.211716,
          39.942176
        ]
      }
    },
    {
      "type": "Feature",
      "properties": {
        "FID": 17923,
        "LineAbbr": "T4",
        "Direction": "Westbound",
        "Sequence": 15,
        "StopId": 302,
        "StopAbbr": "WOO49TSW",
        "StopName": "Woodland Av & 49th St",
        "Lon": -75.212582,
        "Lat": 39.940955
      },
      "geometry": {
        "type": "Point",
        "coordinates": [
          -75.212582,
          39.940955
        ]
      }
    },
    {
      "type": "Feature",
      "properties": {
        "FID": 17924,
        "LineAbbr": "T4",
        "Direction": "Westbound",
        "Sequence": 16,
        "StopId": 317,
        "StopAbbr": "WOO50TSW",
        "StopName": "Woodland Av & 50th St",
        "Lon": -75.213848,
        "Lat": 39.940064
      },
      "geometry": {
        "type": "Point",
        "coordinates": [
          -75.213848,
          39.940064
        ]
      }
    },
    {
      "type": "Feature",
      "properties": {
        "FID": 17925,
        "LineAbbr": "T4",
        "Direction": "Westbound",
        "Sequence": 17,
        "StopId": 20741,
        "StopAbbr": "WOO51SSW",
        "StopName": "Woodland Av & 51st St",
        "Lon": -75.215102,
        "Lat": 39.939192
      },
      "geometry": {
        "type": "Point",
        "coordinates": [
          -75.215102,
          39.939192
        ]
      }
    },
    {
      "type": "Feature",
      "properties": {
        "FID": 17926,
        "LineAbbr": "T4",
        "Direction": "Westbound",
        "Sequence": 18,
        "StopId": 20742,
        "StopAbbr": "WOO52NSW",
        "StopName": "Woodland Av & 52nd St",
        "Lon": -75.216214,
        "Lat": 39.938408
      },
      "geometry": {
        "type": "Point",
        "coordinates": [
          -75.216214,
          39.938408
        ]
      }
    },
    {
      "type": "Feature",
      "properties": {
        "FID": 17927,
        "LineAbbr": "T4",
        "Direction": "Westbound",
        "Sequence": 19,
        "StopId": 20743,
        "StopAbbr": "WOO53RSW",
        "StopName": "Woodland Av & 53rd St",
        "Lon": -75.217598,
        "Lat": 39.937438
      },
      "geometry": {
        "type": "Point",
        "coordinates": [
          -75.217598,
          39.937438
        ]
      }
    },
    {
      "type": "Feature",
      "properties": {
        "FID": 17928,
        "LineAbbr": "T4",
        "Direction": "Westbound",
        "Sequence": 20,
        "StopId": 20744,
        "StopAbbr": "WOO54TSW",
        "StopName": "Woodland Av & 54th St",
        "Lon": -75.218947,
        "Lat": 39.936485
      },
      "geometry": {
        "type": "Point",
        "coordinates": [
          -75.218947,
          39.936485
        ]
      }
    },
    {
      "type": "Feature",
      "properties": {
        "FID": 17929,
        "LineAbbr": "T4",
        "Direction": "Westbound",
        "Sequence": 21,
        "StopId": 20745,
        "StopAbbr": "WOO55TSW",
        "StopName": "Woodland Av & 55th St",
        "Lon": -75.220308,
        "Lat": 39.935524
      },
      "geometry": {
        "type": "Point",
        "coordinates": [
          -75.220308,
          39.935524
        ]
      }
    },
    {
      "type": "Feature",
      "properties": {
        "FID": 17930,
        "LineAbbr": "T4",
        "Direction": "Westbound",
        "Sequence": 22,
        "StopId": 20746,
        "StopAbbr": "WOO56TSW",
        "StopName": "Woodland Av & 56th St",
        "Lon": -75.221703,
        "Lat": 39.934553
      },
      "geometry": {
        "type": "Point",
        "coordinates": [
          -75.221703,
          39.934553
        ]
      }
    },
    {
      "type": "Feature",
      "properties": {
        "FID": 17931,
        "LineAbbr": "T4",
        "Direction": "Westbound",
        "Sequence": 23,
        "StopId": 20747,
        "StopAbbr": "WOO57TSW",
        "StopName": "Woodland Av & 57th St",
        "Lon": -75.223218,
        "Lat": 39.933485
      },
      "geometry": {
        "type": "Point",
        "coordinates": [
          -75.223218,
          39.933485
        ]
      }
    },
    {
      "type": "Feature",
      "properties": {
        "FID": 17932,
        "LineAbbr": "T4",
        "Direction": "Westbound",
        "Sequence": 24,
        "StopId": 20748,
        "StopAbbr": "WOO58TSW",
        "StopName": "Woodland Av & 58th St",
        "Lon": -75.224448,
        "Lat": 39.93263
      },
      "geometry": {
        "type": "Point",
        "coordinates": [
          -75.224448,
          39.93263
        ]
      }
    },
    {
      "type": "Feature",
      "properties": {
        "FID": 17933,
        "LineAbbr": "T4",
        "Direction": "Westbound",
        "Sequence": 25,
        "StopId": 20749,
        "StopAbbr": "WOO60TSW",
        "StopName": "Woodland Av & 60th St",
        "Lon": -75.227535,
        "Lat": 39.930457
      },
      "geometry": {
        "type": "Point",
        "coordinates": [
          -75.227535,
          39.930457
        ]
      }
    },
    {
      "type": "Feature",
      "properties": {
        "FID": 17934,
        "LineAbbr": "T4",
        "Direction": "Westbound",
        "Sequence": 26,
        "StopId": 20750,
        "StopAbbr": "WOO61SSW",
        "StopName": "Woodland Av & 61st St",
        "Lon": -75.229191,
        "Lat": 39.929282
      },
      "geometry": {
        "type": "Point",
        "coordinates": [
          -75.229191,
          39.929282
        ]
      }
    },
    {
      "type": "Feature",
      "properties": {
        "FID": 17935,
        "LineAbbr": "T4",
        "Direction": "Westbound",
        "Sequence": 27,
        "StopId": 303,
        "StopAbbr": "WOO62NSW",
        "StopName": "Woodland Av & 62nd St",
        "Lon": -75.230599,
        "Lat": 39.928267
      },
      "geometry": {
        "type": "Point",
        "coordinates": [
          -75.230599,
          39.928267
        ]
      }
    },
    {
      "type": "Feature",
      "properties": {
        "FID": 17936,
        "LineAbbr": "T4",
        "Direction": "Westbound",
        "Sequence": 28,
        "StopId": 20751,
        "StopAbbr": "WOO63RSW",
        "StopName": "Woodland Av & 63rd St",
        "Lon": -75.231675,
        "Lat": 39.927519
      },
      "geometry": {
        "type": "Point",
        "coordinates": [
          -75.231675,
          39.927519
        ]
      }
    },
    {
      "type": "Feature",
      "properties": {
        "FID": 17937,
        "LineAbbr": "T4",
        "Direction": "Westbound",
        "Sequence": 29,
        "StopId": 20752,
        "StopAbbr": "WOO64TSW",
        "StopName": "Woodland Av & 64th St",
        "Lon": -75.233047,
        "Lat": 39.926557
      },
      "geometry": {
        "type": "Point",
        "coordinates": [
          -75.233047,
          39.926557
        ]
      }
    },
    {
      "type": "Feature",
      "properties": {
        "FID": 17938,
        "LineAbbr": "T4",
        "Direction": "Westbound",
        "Sequence": 30,
        "StopId": 20753,
        "StopAbbr": "WOO65TSW",
        "StopName": "Woodland Av & 65th St",
        "Lon": -75.234289,
        "Lat": 39.925684
      },
      "geometry": {
        "type": "Point",
        "coordinates": [
          -75.234289,
          39.925684
        ]
      }
    },
    {
      "type": "Feature",
      "properties": {
        "FID": 17939,
        "LineAbbr": "T4",
        "Direction": "Westbound",
        "Sequence": 31,
        "StopId": 20754,
        "StopAbbr": "WOO66TSW",
        "StopName": "Woodland Av & 66th St",
        "Lon": -75.235531,
        "Lat": 39.924803
      },
      "geometry": {
        "type": "Point",
        "coordinates": [
          -75.235531,
          39.924803
        ]
      }
    },
    {
      "type": "Feature",
      "properties": {
        "FID": 17940,
        "LineAbbr": "T4",
        "Direction": "Westbound",
        "Sequence": 32,
        "StopId": 20755,
        "StopAbbr": "WOO67TSW",
        "StopName": "Woodland Av & 67th St",
        "Lon": -75.236856,
        "Lat": 39.923886
      },
      "geometry": {
        "type": "Point",
        "coordinates": [
          -75.236856,
          39.923886
        ]
      }
    },
    {
      "type": "Feature",
      "properties": {
        "FID": 17941,
        "LineAbbr": "T4",
        "Direction": "Westbound",
        "Sequence": 33,
        "StopId": 20756,
        "StopAbbr": "WOO68TSW",
        "StopName": "Woodland Av & 68th St",
        "Lon": -75.23837,
        "Lat": 39.922817
      },
      "geometry": {
        "type": "Point",
        "coordinates": [
          -75.23837,
          39.922817
        ]
      }
    },
    {
      "type": "Feature",
      "properties": {
        "FID": 17942,
        "LineAbbr": "T4",
        "Direction": "Westbound",
        "Sequence": 34,
        "StopId": 20757,
        "StopAbbr": "WOO69TSW",
        "StopName": "Woodland Av & 69th St",
        "Lon": -75.240037,
        "Lat": 39.921641
      },
      "geometry": {
        "type": "Point",
        "coordinates": [
          -75.240037,
          39.921641
        ]
      }
    },
    {
      "type": "Feature",
      "properties": {
        "FID": 17943,
        "LineAbbr": "T4",
        "Direction": "Westbound",
        "Sequence": 35,
        "StopId": 20758,
        "StopAbbr": "WOO70TSW",
        "StopName": "Woodland Av & 70th St",
        "Lon": -75.241397,
        "Lat": 39.920688
      },
      "geometry": {
        "type": "Point",
        "coordinates": [
          -75.241397,
          39.920688
        ]
      }
    },
    {
      "type": "Feature",
      "properties": {
        "FID": 17944,
        "LineAbbr": "T4",
        "Direction": "Westbound",
        "Sequence": 36,
        "StopId": 20759,
        "StopAbbr": "WOO71SSW",
        "StopName": "Woodland Av & 71st St",
        "Lon": -75.242958,
        "Lat": 39.919584
      },
      "geometry": {
        "type": "Point",
        "coordinates": [
          -75.242958,
          39.919584
        ]
      }
    },
    {
      "type": "Feature",
      "properties": {
        "FID": 17945,
        "LineAbbr": "T4",
        "Direction": "Westbound",
        "Sequence": 37,
        "StopId": 20760,
        "StopAbbr": "WOO72NSW",
        "StopName": "Woodland Av & 72nd St",
        "Lon": -75.244342,
        "Lat": 39.918622
      },
      "geometry": {
        "type": "Point",
        "coordinates": [
          -75.244342,
          39.918622
        ]
      }
    },
    {
      "type": "Feature",
      "properties": {
        "FID": 17946,
        "LineAbbr": "T4",
        "Direction": "Westbound",
        "Sequence": 38,
        "StopId": 304,
        "StopAbbr": "WOOISLSW",
        "StopName": "Woodland Av & Island Av",
        "Lon": -75.246245,
        "Lat": 39.917304
      },
      "geometry": {
        "type": "Point",
        "coordinates": [
          -75.246245,
          39.917304
        ]
      }
    },
    {
      "type": "Feature",
      "properties": {
        "FID": 17947,
        "LineAbbr": "T4",
        "Direction": "Westbound",
        "Sequence": 39,
        "StopId": 20761,
        "StopAbbr": "MAIFROWE",
        "StopName": "Main St & Front St",
        "Lon": -75.248915,
        "Lat": 39.916451
      },
      "geometry": {
        "type": "Point",
        "coordinates": [
          -75.248915,
          39.916451
        ]
      }
    },
    {
      "type": "Feature",
      "properties": {
        "FID": 17948,
        "LineAbbr": "T4",
        "Direction": "Westbound",
        "Sequence": 40,
        "StopId": 20762,
        "StopAbbr": "MAI2NDWE",
        "StopName": "Main St & 2nd St",
        "Lon": -75.250319,
        "Lat": 39.916614
      },
      "geometry": {
        "type": "Point",
        "coordinates": [
          -75.250319,
          39.916614
        ]
      }
    },
    {
      "type": "Feature",
      "properties": {
        "FID": 17949,
        "LineAbbr": "T4",
        "Direction": "Westbound",
        "Sequence": 41,
        "StopId": 20763,
        "StopAbbr": "MAI3RDWE",
        "StopName": "Main St & 3rd St",
        "Lon": -75.251534,
        "Lat": 39.916892
      },
      "geometry": {
        "type": "Point",
        "coordinates": [
          -75.251534,
          39.916892
        ]
      }
    },
    {
      "type": "Feature",
      "properties": {
        "FID": 17950,
        "LineAbbr": "T4",
        "Direction": "Westbound",
        "Sequence": 42,
        "StopId": 20764,
        "StopAbbr": "MAI4THWE",
        "StopName": "Main St & 4th St",
        "Lon": -75.252737,
        "Lat": 39.917171
      },
      "geometry": {
        "type": "Point",
        "coordinates": [
          -75.252737,
          39.917171
        ]
      }
    },
    {
      "type": "Feature",
      "properties": {
        "FID": 17951,
        "LineAbbr": "T4",
        "Direction": "Westbound",
        "Sequence": 43,
        "StopId": 20765,
        "StopAbbr": "MAI5THWE",
        "StopName": "Main St & 5th St",
        "Lon": -75.254295,
        "Lat": 39.91753
      },
      "geometry": {
        "type": "Point",
        "coordinates": [
          -75.254295,
          39.91753
        ]
      }
    },
    {
      "type": "Feature",
      "properties": {
        "FID": 17952,
        "LineAbbr": "T4",
        "Direction": "Westbound",
        "Sequence": 44,
        "StopId": 20766,
        "StopAbbr": "MAI6THWE",
        "StopName": "Main St & 6th St",
        "Lon": -75.255486,
        "Lat": 39.917808
      },
      "geometry": {
        "type": "Point",
        "coordinates": [
          -75.255486,
          39.917808
        ]
      }
    },
    {
      "type": "Feature",
      "properties": {
        "FID": 17953,
        "LineAbbr": "T4",
        "Direction": "Westbound",
        "Sequence": 45,
        "StopId": 20767,
        "StopAbbr": "MAISUMWE",
        "StopName": "Main St & Summit St",
        "Lon": -75.25709,
        "Lat": 39.91815
      },
      "geometry": {
        "type": "Point",
        "coordinates": [
          -75.25709,
          39.91815
        ]
      }
    },
    {
      "type": "Feature",
      "properties": {
        "FID": 17954,
        "LineAbbr": "T4",
        "Direction": "Westbound",
        "Sequence": 46,
        "StopId": 25241,
        "StopAbbr": "MAIPOWWE",
        "StopName": "Main St & Powell Av",
        "Lon": -75.260608,
        "Lat": 39.918244
      },
      "geometry": {
        "type": "Point",
        "coordinates": [
          -75.260608,
          39.918244
        ]
      }
    },
    {
      "type": "Feature",
      "properties": {
        "FID": 17955,
        "LineAbbr": "T4",
        "Direction": "Westbound",
        "Sequence": 47,
        "StopId": 305,
        "StopAbbr": "DARTRA1",
        "StopName": "Darby Transit Center",
        "Lon": -75.262376,
        "Lat": 39.919085
      },
      "geometry": {
        "type": "Point",
        "coordinates": [
          -75.262376,
          39.919085
        ]
      }
    },
    {
      "type": "Feature",
      "properties": {
        "FID": 18050,
        "LineAbbr": "T5",
        "Direction": "Eastbound",
        "Sequence": 1,
        "StopId": 612,
        "StopAbbr": "EASLOOSO",
        "StopName": "80th St/Eastwick",
        "Lon": -75.23926,
        "Lat": 39.898748
      },
      "geometry": {
        "type": "Point",
        "coordinates": [
          -75.23926,
          39.898748
        ]
      }
    },
    {
      "type": "Feature",
      "properties": {
        "FID": 18051,
        "LineAbbr": "T5",
        "Direction": "Eastbound",
        "Sequence": 2,
        "StopId": 605,
        "StopAbbr": "ISLSUFNO",
        "StopName": "Island Av & Suffolk Av - M",
        "Lon": -75.23927,
        "Lat": 39.899471
      },
      "geometry": {
        "type": "Point",
        "coordinates": [
          -75.23927,
          39.899471
        ]
      }
    },
    {
      "type": "Feature",
      "properties": {
        "FID": 18052,
        "LineAbbr": "T5",
        "Direction": "Eastbound",
        "Sequence": 3,
        "StopId": 20927,
        "StopAbbr": "ISLLINNW",
        "StopName": "Island Av & Lindbergh Blvd",
        "Lon": -75.240461,
        "Lat": 39.904257
      },
      "geometry": {
        "type": "Point",
        "coordinates": [
          -75.240461,
          39.904257
        ]
      }
    },
    {
      "type": "Feature",
      "properties": {
        "FID": 18053,
        "LineAbbr": "T5",
        "Direction": "Eastbound",
        "Sequence": 4,
        "StopId": 20928,
        "StopAbbr": "ISL76TNW",
        "StopName": "Island Av & 76th St",
        "Lon": -75.241432,
        "Lat": 39.907284
      },
      "geometry": {
        "type": "Point",
        "coordinates": [
          -75.241432,
          39.907284
        ]
      }
    },
    {
      "type": "Feature",
      "properties": {
        "FID": 18054,
        "LineAbbr": "T5",
        "Direction": "Eastbound",
        "Sequence": 5,
        "StopId": 20929,
        "StopAbbr": "ISLTANNW",
        "StopName": "Island Av & Tanager St - F",
        "Lon": -75.242029,
        "Lat": 39.90915
      },
      "geometry": {
        "type": "Point",
        "coordinates": [
          -75.242029,
          39.90915
        ]
      }
    },
    {
      "type": "Feature",
      "properties": {
        "FID": 18055,
        "LineAbbr": "T5",
        "Direction": "Eastbound",
        "Sequence": 6,
        "StopId": 20930,
        "StopAbbr": "ISLBUINW",
        "StopName": "Island Av & Buist Av",
        "Lon": -75.242661,
        "Lat": 39.911186
      },
      "geometry": {
        "type": "Point",
        "coordinates": [
          -75.242661,
          39.911186
        ]
      }
    },
    {
      "type": "Feature",
      "properties": {
        "FID": 18056,
        "LineAbbr": "T5",
        "Direction": "Eastbound",
        "Sequence": 7,
        "StopId": 20931,
        "StopAbbr": "ELMISLNE",
        "StopName": "Elmwood Av & Island Av - M",
        "Lon": -75.242998,
        "Lat": 39.913266
      },
      "geometry": {
        "type": "Point",
        "coordinates": [
          -75.242998,
          39.913266
        ]
      }
    },
    {
      "type": "Feature",
      "properties": {
        "FID": 18057,
        "LineAbbr": "T5",
        "Direction": "Eastbound",
        "Sequence": 8,
        "StopId": 611,
        "StopAbbr": "ELMLOOWE",
        "StopName": "Elmwood Loop",
        "Lon": -75.242642,
        "Lat": 39.914015
      },
      "geometry": {
        "type": "Point",
        "coordinates": [
          -75.242642,
          39.914015
        ]
      }
    },
    {
      "type": "Feature",
      "properties": {
        "FID": 18058,
        "LineAbbr": "T5",
        "Direction": "Eastbound",
        "Sequence": 9,
        "StopId": 20932,
        "StopAbbr": "ELM73RNE",
        "StopName": "Elmwood Av & 73rd St",
        "Lon": -75.241816,
        "Lat": 39.914129
      },
      "geometry": {
        "type": "Point",
        "coordinates": [
          -75.241816,
          39.914129
        ]
      }
    },
    {
      "type": "Feature",
      "properties": {
        "FID": 18059,
        "LineAbbr": "T5",
        "Direction": "Eastbound",
        "Sequence": 10,
        "StopId": 20933,
        "StopAbbr": "ELM72NNE",
        "StopName": "Elmwood Av & 72nd St",
        "Lon": -75.240408,
        "Lat": 39.9151
      },
      "geometry": {
        "type": "Point",
        "coordinates": [
          -75.240408,
          39.9151
        ]
      }
    },
    {
      "type": "Feature",
      "properties": {
        "FID": 18060,
        "LineAbbr": "T5",
        "Direction": "Eastbound",
        "Sequence": 11,
        "StopId": 20934,
        "StopAbbr": "ELM71SNE",
        "StopName": "Elmwood Av & 71st St",
        "Lon": -75.239013,
        "Lat": 39.91608
      },
      "geometry": {
        "type": "Point",
        "coordinates": [
          -75.239013,
          39.91608
        ]
      }
    },
    {
      "type": "Feature",
      "properties": {
        "FID": 18061,
        "LineAbbr": "T5",
        "Direction": "Eastbound",
        "Sequence": 12,
        "StopId": 20935,
        "StopAbbr": "ELM70TNE",
        "StopName": "Elmwood Av & 70th St",
        "Lon": -75.237452,
        "Lat": 39.91713
      },
      "geometry": {
        "type": "Point",
        "coordinates": [
          -75.237452,
          39.91713
        ]
      }
    },
    {
      "type": "Feature",
      "properties": {
        "FID": 18062,
        "LineAbbr": "T5",
        "Direction": "Eastbound",
        "Sequence": 13,
        "StopId": 20936,
        "StopAbbr": "ELM69TNE",
        "StopName": "Elmwood Av & 69th St",
        "Lon": -75.236081,
        "Lat": 39.918101
      },
      "geometry": {
        "type": "Point",
        "coordinates": [
          -75.236081,
          39.918101
        ]
      }
    },
    {
      "type": "Feature",
      "properties": {
        "FID": 18063,
        "LineAbbr": "T5",
        "Direction": "Eastbound",
        "Sequence": 14,
        "StopId": 20937,
        "StopAbbr": "ELM68TNE",
        "StopName": "Elmwood Av & 68th St",
        "Lon": -75.234425,
        "Lat": 39.91925
      },
      "geometry": {
        "type": "Point",
        "coordinates": [
          -75.234425,
          39.91925
        ]
      }
    },
    {
      "type": "Feature",
      "properties": {
        "FID": 18064,
        "LineAbbr": "T5",
        "Direction": "Eastbound",
        "Sequence": 15,
        "StopId": 20938,
        "StopAbbr": "ELM67TNE",
        "StopName": "Elmwood Av & 67th St",
        "Lon": -75.232911,
        "Lat": 39.920327
      },
      "geometry": {
        "type": "Point",
        "coordinates": [
          -75.232911,
          39.920327
        ]
      }
    },
    {
      "type": "Feature",
      "properties": {
        "FID": 18065,
        "LineAbbr": "T5",
        "Direction": "Eastbound",
        "Sequence": 16,
        "StopId": 20939,
        "StopAbbr": "ELM66TNE",
        "StopName": "Elmwood Av & 66th St",
        "Lon": -75.231587,
        "Lat": 39.921236
      },
      "geometry": {
        "type": "Point",
        "coordinates": [
          -75.231587,
          39.921236
        ]
      }
    },
    {
      "type": "Feature",
      "properties": {
        "FID": 18066,
        "LineAbbr": "T5",
        "Direction": "Eastbound",
        "Sequence": 17,
        "StopId": 20940,
        "StopAbbr": "ELM65TNE",
        "StopName": "Elmwood Av & 65th St",
        "Lon": -75.230404,
        "Lat": 39.922082
      },
      "geometry": {
        "type": "Point",
        "coordinates": [
          -75.230404,
          39.922082
        ]
      }
    },
    {
      "type": "Feature",
      "properties": {
        "FID": 18067,
        "LineAbbr": "T5",
        "Direction": "Eastbound",
        "Sequence": 18,
        "StopId": 20941,
        "StopAbbr": "ELM64TNE",
        "StopName": "Elmwood Av & 64th St",
        "Lon": -75.229126,
        "Lat": 39.922972
      },
      "geometry": {
        "type": "Point",
        "coordinates": [
          -75.229126,
          39.922972
        ]
      }
    },
    {
      "type": "Feature",
      "properties": {
        "FID": 18068,
        "LineAbbr": "T5",
        "Direction": "Eastbound",
        "Sequence": 19,
        "StopId": 20942,
        "StopAbbr": "ELM63RNE",
        "StopName": "Elmwood Av & 63rd St",
        "Lon": -75.227778,
        "Lat": 39.923934
      },
      "geometry": {
        "type": "Point",
        "coordinates": [
          -75.227778,
          39.923934
        ]
      }
    },
    {
      "type": "Feature",
      "properties": {
        "FID": 18069,
        "LineAbbr": "T5",
        "Direction": "Eastbound",
        "Sequence": 20,
        "StopId": 20943,
        "StopAbbr": "ELM62NNE",
        "StopName": "Elmwood Av & 62nd St",
        "Lon": -75.22656,
        "Lat": 39.924842
      },
      "geometry": {
        "type": "Point",
        "coordinates": [
          -75.22656,
          39.924842
        ]
      }
    },
    {
      "type": "Feature",
      "properties": {
        "FID": 18070,
        "LineAbbr": "T5",
        "Direction": "Eastbound",
        "Sequence": 21,
        "StopId": 20944,
        "StopAbbr": "ELM61SNE",
        "StopName": "Elmwood Av & 61st St",
        "Lon": -75.224868,
        "Lat": 39.926044
      },
      "geometry": {
        "type": "Point",
        "coordinates": [
          -75.224868,
          39.926044
        ]
      }
    },
    {
      "type": "Feature",
      "properties": {
        "FID": 18071,
        "LineAbbr": "T5",
        "Direction": "Eastbound",
        "Sequence": 22,
        "StopId": 20946,
        "StopAbbr": "ELM59TNE",
        "StopName": "Elmwood Av & 59th St",
        "Lon": -75.221994,
        "Lat": 39.928039
      },
      "geometry": {
        "type": "Point",
        "coordinates": [
          -75.221994,
          39.928039
        ]
      }
    },
    {
      "type": "Feature",
      "properties": {
        "FID": 18072,
        "LineAbbr": "T5",
        "Direction": "Eastbound",
        "Sequence": 23,
        "StopId": 20947,
        "StopAbbr": "ELM58TNE",
        "StopName": "Elmwood Av & 58th St",
        "Lon": -75.220586,
        "Lat": 39.928964
      },
      "geometry": {
        "type": "Point",
        "coordinates": [
          -75.220586,
          39.928964
        ]
      }
    },
    {
      "type": "Feature",
      "properties": {
        "FID": 18073,
        "LineAbbr": "T5",
        "Direction": "Eastbound",
        "Sequence": 24,
        "StopId": 20948,
        "StopAbbr": "ELM57TNE",
        "StopName": "Elmwood Av & 57th St",
        "Lon": -75.219226,
        "Lat": 39.929935
      },
      "geometry": {
        "type": "Point",
        "coordinates": [
          -75.219226,
          39.929935
        ]
      }
    },
    {
      "type": "Feature",
      "properties": {
        "FID": 18074,
        "LineAbbr": "T5",
        "Direction": "Eastbound",
        "Sequence": 25,
        "StopId": 20949,
        "StopAbbr": "ELM56TNE",
        "StopName": "Elmwood Av & 56th St",
        "Lon": -75.217747,
        "Lat": 39.930986
      },
      "geometry": {
        "type": "Point",
        "coordinates": [
          -75.217747,
          39.930986
        ]
      }
    },
    {
      "type": "Feature",
      "properties": {
        "FID": 18075,
        "LineAbbr": "T5",
        "Direction": "Eastbound",
        "Sequence": 26,
        "StopId": 20950,
        "StopAbbr": "LINWHENE",
        "StopName": "Lindbergh Blvd & Wheeler S",
        "Lon": -75.216232,
        "Lat": 39.932402
      },
      "geometry": {
        "type": "Point",
        "coordinates": [
          -75.216232,
          39.932402
        ]
      }
    },
    {
      "type": "Feature",
      "properties": {
        "FID": 18076,
        "LineAbbr": "T5",
        "Direction": "Eastbound",
        "Sequence": 27,
        "StopId": 20951,
        "StopAbbr": "LIN54TNE",
        "StopName": "Lindbergh Blvd & 54th St",
        "Lon": -75.215532,
        "Lat": 39.9334
      },
      "geometry": {
        "type": "Point",
        "coordinates": [
          -75.215532,
          39.9334
        ]
      }
    },
    {
      "type": "Feature",
      "properties": {
        "FID": 18077,
        "LineAbbr": "T5",
        "Direction": "Eastbound",
        "Sequence": 28,
        "StopId": 20952,
        "StopAbbr": "LIN53RNE",
        "StopName": "Lindbergh Blvd & 53rd St",
        "Lon": -75.214358,
        "Lat": 39.935121
      },
      "geometry": {
        "type": "Point",
        "coordinates": [
          -75.214358,
          39.935121
        ]
      }
    },
    {
      "type": "Feature",
      "properties": {
        "FID": 18078,
        "LineAbbr": "T5",
        "Direction": "Eastbound",
        "Sequence": 29,
        "StopId": 20954,
        "StopAbbr": "GRA51SNE",
        "StopName": "Grays Av & 51st St",
        "Lon": -75.212251,
        "Lat": 39.936991
      },
      "geometry": {
        "type": "Point",
        "coordinates": [
          -75.212251,
          39.936991
        ]
      }
    },
    {
      "type": "Feature",
      "properties": {
        "FID": 18079,
        "LineAbbr": "T5",
        "Direction": "Eastbound",
        "Sequence": 30,
        "StopId": 20955,
        "StopAbbr": "49TPASNW",
        "StopName": "49th St & Paschall Av",
        "Lon": -75.211286,
        "Lat": 39.939819
      },
      "geometry": {
        "type": "Point",
        "coordinates": [
          -75.211286,
          39.939819
        ]
      }
    },
    {
      "type": "Feature",
      "properties": {
        "FID": 18080,
        "LineAbbr": "T5",
        "Direction": "Eastbound",
        "Sequence": 31,
        "StopId": 20957,
        "StopAbbr": "49TWOONW",
        "StopName": "49th St & Woodland Av",
        "Lon": -75.212429,
        "Lat": 39.940794
      },
      "geometry": {
        "type": "Point",
        "coordinates": [
          -75.212429,
          39.940794
        ]
      }
    },
    {
      "type": "Feature",
      "properties": {
        "FID": 18081,
        "LineAbbr": "T5",
        "Direction": "Eastbound",
        "Sequence": 32,
        "StopId": 20726,
        "StopAbbr": "WOO48TNE",
        "StopName": "Woodland Av & 48th St",
        "Lon": -75.211728,
        "Lat": 39.941953
      },
      "geometry": {
        "type": "Point",
        "coordinates": [
          -75.211728,
          39.941953
        ]
      }
    },
    {
      "type": "Feature",
      "properties": {
        "FID": 18082,
        "LineAbbr": "T5",
        "Direction": "Eastbound",
        "Sequence": 33,
        "StopId": 20727,
        "StopAbbr": "WOO46TNE",
        "StopName": "Woodland Av & 46th St",
        "Lon": -75.209797,
        "Lat": 39.944323
      },
      "geometry": {
        "type": "Point",
        "coordinates": [
          -75.209797,
          39.944323
        ]
      }
    },
    {
      "type": "Feature",
      "properties": {
        "FID": 18083,
        "LineAbbr": "T5",
        "Direction": "Eastbound",
        "Sequence": 34,
        "StopId": 20728,
        "StopAbbr": "WOO45TNE",
        "StopName": "Woodland Av & 45th St",
        "Lon": -75.208565,
        "Lat": 39.94541
      },
      "geometry": {
        "type": "Point",
        "coordinates": [
          -75.208565,
          39.94541
        ]
      }
    },
    {
      "type": "Feature",
      "properties": {
        "FID": 18084,
        "LineAbbr": "T5",
        "Direction": "Eastbound",
        "Sequence": 35,
        "StopId": 20729,
        "StopAbbr": "WOO42NNE",
        "StopName": "Woodland Av & 42nd St",
        "Lon": -75.207121,
        "Lat": 39.946675
      },
      "geometry": {
        "type": "Point",
        "coordinates": [
          -75.207121,
          39.946675
        ]
      }
    },
    {
      "type": "Feature",
      "properties": {
        "FID": 18085,
        "LineAbbr": "T5",
        "Direction": "Eastbound",
        "Sequence": 36,
        "StopId": 20804,
        "StopAbbr": "40TPORNE",
        "StopName": "40th St Portal",
        "Lon": -75.203333,
        "Lat": 39.949533
      },
      "geometry": {
        "type": "Point",
        "coordinates": [
          -75.203333,
          39.949533
        ]
      }
    },
    {
      "type": "Feature",
      "properties": {
        "FID": 18086,
        "LineAbbr": "T5",
        "Direction": "Eastbound",
        "Sequence": 37,
        "StopId": 21248,
        "StopAbbr": "40TMARSO",
        "StopName": "40th-Market",
        "Lon": -75.202021,
        "Lat": 39.957259
      },
      "geometry": {
        "type": "Point",
        "coordinates": [
          -75.202021,
          39.957259
        ]
      }
    },
    {
      "type": "Feature",
      "properties": {
        "FID": 18087,
        "LineAbbr": "T5",
        "Direction": "Eastbound",
        "Sequence": 38,
        "StopId": 20731,
        "StopAbbr": "SP37NEU",
        "StopName": "37th-Spruce",
        "Lon": -75.196586,
        "Lat": 39.950993
      },
      "geometry": {
        "type": "Point",
        "coordinates": [
          -75.196586,
          39.950993
        ]
      }
    },
    {
      "type": "Feature",
      "properties": {
        "FID": 18088,
        "LineAbbr": "T5",
        "Direction": "Eastbound",
        "Sequence": 39,
        "StopId": 20732,
        "StopAbbr": "36SANOU",
        "StopName": "36th-Sansom",
        "Lon": -75.194533,
        "Lat": 39.953854
      },
      "geometry": {
        "type": "Point",
        "coordinates": [
          -75.194533,
          39.953854
        ]
      }
    },
    {
      "type": "Feature",
      "properties": {
        "FID": 18089,
        "LineAbbr": "T5",
        "Direction": "Eastbound",
        "Sequence": 40,
        "StopId": 20642,
        "StopAbbr": "33MAEAU",
        "StopName": "33rd St",
        "Lon": -75.189523,
        "Lat": 39.954782
      },
      "geometry": {
        "type": "Point",
        "coordinates": [
          -75.189523,
          39.954782
        ]
      }
    },
    {
      "type": "Feature",
      "properties": {
        "FID": 18090,
        "LineAbbr": "T5",
        "Direction": "Eastbound",
        "Sequence": 41,
        "StopId": 20643,
        "StopAbbr": "MA30EAU",
        "StopName": "Drexel Station at 30th St",
        "Lon": -75.1835,
        "Lat": 39.954815
      },
      "geometry": {
        "type": "Point",
        "coordinates": [
          -75.1835,
          39.954815
        ]
      }
    },
    {
      "type": "Feature",
      "properties": {
        "FID": 18091,
        "LineAbbr": "T5",
        "Direction": "Eastbound",
        "Sequence": 42,
        "StopId": 20645,
        "StopAbbr": "MA22EAU",
        "StopName": "22nd St",
        "Lon": -75.176736,
        "Lat": 39.953962
      },
      "geometry": {
        "type": "Point",
        "coordinates": [
          -75.176736,
          39.953962
        ]
      }
    },
    {
      "type": "Feature",
      "properties": {
        "FID": 18092,
        "LineAbbr": "T5",
        "Direction": "Eastbound",
        "Sequence": 43,
        "StopId": 20646,
        "StopAbbr": "MA19EAU",
        "StopName": "19th St",
        "Lon": -75.171637,
        "Lat": 39.953327
      },
      "geometry": {
        "type": "Point",
        "coordinates": [
          -75.171637,
          39.953327
        ]
      }
    },
    {
      "type": "Feature",
      "properties": {
        "FID": 18093,
        "LineAbbr": "T5",
        "Direction": "Eastbound",
        "Sequence": 44,
        "StopId": 31140,
        "StopAbbr": "MA15EAU",
        "StopName": "15th St/City Hall",
        "Lon": -75.165369,
        "Lat": 39.952502
      },
      "geometry": {
        "type": "Point",
        "coordinates": [
          -75.165369,
          39.952502
        ]
      }
    },
    {
      "type": "Feature",
      "properties": {
        "FID": 18094,
        "LineAbbr": "T5",
        "Direction": "Eastbound",
        "Sequence": 45,
        "StopId": 283,
        "StopAbbr": "JUNSTANO",
        "StopName": "13th St",
        "Lon": -75.162559,
        "Lat": 39.952532
      },
      "geometry": {
        "type": "Point",
        "coordinates": [
          -75.162559,
          39.952532
        ]
      }
    },
    {
      "type": "Feature",
      "properties": {
        "FID": 18095,
        "LineAbbr": "T5",
        "Direction": "Westbound",
        "Sequence": 1,
        "StopId": 283,
        "StopAbbr": "JUNSTANO",
        "StopName": "13th St",
        "Lon": -75.162559,
        "Lat": 39.952532
      },
      "geometry": {
        "type": "Point",
        "coordinates": [
          -75.162559,
          39.952532
        ]
      }
    },
    {
      "type": "Feature",
      "properties": {
        "FID": 18096,
        "LineAbbr": "T5",
        "Direction": "Westbound",
        "Sequence": 2,
        "StopId": 20659,
        "StopAbbr": "MA15WEU",
        "StopName": "15th St/City Hall",
        "Lon": -75.165345,
        "Lat": 39.952672
      },
      "geometry": {
        "type": "Point",
        "coordinates": [
          -75.165345,
          39.952672
        ]
      }
    },
    {
      "type": "Feature",
      "properties": {
        "FID": 18097,
        "LineAbbr": "T5",
        "Direction": "Westbound",
        "Sequence": 3,
        "StopId": 20660,
        "StopAbbr": "MA19WEU",
        "StopName": "19th St",
        "Lon": -75.171483,
        "Lat": 39.953425
      },
      "geometry": {
        "type": "Point",
        "coordinates": [
          -75.171483,
          39.953425
        ]
      }
    },
    {
      "type": "Feature",
      "properties": {
        "FID": 18098,
        "LineAbbr": "T5",
        "Direction": "Westbound",
        "Sequence": 4,
        "StopId": 20661,
        "StopAbbr": "MA22WEU",
        "StopName": "22nd St",
        "Lon": -75.176571,
        "Lat": 39.954051
      },
      "geometry": {
        "type": "Point",
        "coordinates": [
          -75.176571,
          39.954051
        ]
      }
    },
    {
      "type": "Feature",
      "properties": {
        "FID": 18099,
        "LineAbbr": "T5",
        "Direction": "Westbound",
        "Sequence": 5,
        "StopId": 20662,
        "StopAbbr": "MA30WEU",
        "StopName": "Drexel Station at 30th St",
        "Lon": -75.183169,
        "Lat": 39.954894
      },
      "geometry": {
        "type": "Point",
        "coordinates": [
          -75.183169,
          39.954894
        ]
      }
    },
    {
      "type": "Feature",
      "properties": {
        "FID": 18100,
        "LineAbbr": "T5",
        "Direction": "Westbound",
        "Sequence": 6,
        "StopId": 20658,
        "StopAbbr": "33MAWEU",
        "StopName": "33rd St",
        "Lon": -75.189499,
        "Lat": 39.954871
      },
      "geometry": {
        "type": "Point",
        "coordinates": [
          -75.189499,
          39.954871
        ]
      }
    },
    {
      "type": "Feature",
      "properties": {
        "FID": 18101,
        "LineAbbr": "T5",
        "Direction": "Westbound",
        "Sequence": 7,
        "StopId": 20733,
        "StopAbbr": "36SASOU",
        "StopName": "36th-Sansom",
        "Lon": -75.194722,
        "Lat": 39.95389
      },
      "geometry": {
        "type": "Point",
        "coordinates": [
          -75.194722,
          39.95389
        ]
      }
    },
    {
      "type": "Feature",
      "properties": {
        "FID": 18102,
        "LineAbbr": "T5",
        "Direction": "Westbound",
        "Sequence": 8,
        "StopId": 20734,
        "StopAbbr": "SP37SWU",
        "StopName": "37th-Spruce",
        "Lon": -75.197306,
        "Lat": 39.951048
      },
      "geometry": {
        "type": "Point",
        "coordinates": [
          -75.197306,
          39.951048
        ]
      }
    },
    {
      "type": "Feature",
      "properties": {
        "FID": 18103,
        "LineAbbr": "T5",
        "Direction": "Westbound",
        "Sequence": 9,
        "StopId": 21248,
        "StopAbbr": "40TMARSO",
        "StopName": "40th-Market",
        "Lon": -75.202021,
        "Lat": 39.957259
      },
      "geometry": {
        "type": "Point",
        "coordinates": [
          -75.202021,
          39.957259
        ]
      }
    },
    {
      "type": "Feature",
      "properties": {
        "FID": 18104,
        "LineAbbr": "T5",
        "Direction": "Westbound",
        "Sequence": 10,
        "StopId": 301,
        "StopAbbr": "40TPORSW",
        "StopName": "40th St Portal",
        "Lon": -75.203333,
        "Lat": 39.949595
      },
      "geometry": {
        "type": "Point",
        "coordinates": [
          -75.203333,
          39.949595
        ]
      }
    },
    {
      "type": "Feature",
      "properties": {
        "FID": 18105,
        "LineAbbr": "T5",
        "Direction": "Westbound",
        "Sequence": 11,
        "StopId": 20736,
        "StopAbbr": "WOO42NSW",
        "StopName": "Woodland Av & 42nd St",
        "Lon": -75.206907,
        "Lat": 39.946987
      },
      "geometry": {
        "type": "Point",
        "coordinates": [
          -75.206907,
          39.946987
        ]
      }
    },
    {
      "type": "Feature",
      "properties": {
        "FID": 18106,
        "LineAbbr": "T5",
        "Direction": "Westbound",
        "Sequence": 12,
        "StopId": 20737,
        "StopAbbr": "WOO43RSW",
        "StopName": "Woodland Av & 43rd St",
        "Lon": -75.20834,
        "Lat": 39.945767
      },
      "geometry": {
        "type": "Point",
        "coordinates": [
          -75.20834,
          39.945767
        ]
      }
    },
    {
      "type": "Feature",
      "properties": {
        "FID": 18107,
        "LineAbbr": "T5",
        "Direction": "Westbound",
        "Sequence": 13,
        "StopId": 20739,
        "StopAbbr": "WOO46TSW",
        "StopName": "Woodland Av & 46th St",
        "Lon": -75.209725,
        "Lat": 39.944537
      },
      "geometry": {
        "type": "Point",
        "coordinates": [
          -75.209725,
          39.944537
        ]
      }
    },
    {
      "type": "Feature",
      "properties": {
        "FID": 18108,
        "LineAbbr": "T5",
        "Direction": "Westbound",
        "Sequence": 14,
        "StopId": 20740,
        "StopAbbr": "WOO48TSW",
        "StopName": "Woodland Av & 48th St",
        "Lon": -75.211716,
        "Lat": 39.942176
      },
      "geometry": {
        "type": "Point",
        "coordinates": [
          -75.211716,
          39.942176
        ]
      }
    },
    {
      "type": "Feature",
      "properties": {
        "FID": 18109,
        "LineAbbr": "T5",
        "Direction": "Westbound",
        "Sequence": 15,
        "StopId": 302,
        "StopAbbr": "WOO49TSW",
        "StopName": "Woodland Av & 49th St",
        "Lon": -75.212582,
        "Lat": 39.940955
      },
      "geometry": {
        "type": "Point",
        "coordinates": [
          -75.212582,
          39.940955
        ]
      }
    },
    {
      "type": "Feature",
      "properties": {
        "FID": 18110,
        "LineAbbr": "T5",
        "Direction": "Westbound",
        "Sequence": 16,
        "StopId": 20897,
        "StopAbbr": "49TPASSE",
        "StopName": "49th St & Paschall Av",
        "Lon": -75.211652,
        "Lat": 39.93998
      },
      "geometry": {
        "type": "Point",
        "coordinates": [
          -75.211652,
          39.93998
        ]
      }
    },
    {
      "type": "Feature",
      "properties": {
        "FID": 18111,
        "LineAbbr": "T5",
        "Direction": "Westbound",
        "Sequence": 17,
        "StopId": 30595,
        "StopAbbr": "GRA51SSW",
        "StopName": "Grays Av & 51st St",
        "Lon": -75.212227,
        "Lat": 39.937188
      },
      "geometry": {
        "type": "Point",
        "coordinates": [
          -75.212227,
          39.937188
        ]
      }
    },
    {
      "type": "Feature",
      "properties": {
        "FID": 18112,
        "LineAbbr": "T5",
        "Direction": "Westbound",
        "Sequence": 18,
        "StopId": 20899,
        "StopAbbr": "GRALINSW",
        "StopName": "Grays Av & Lindbergh Blvd",
        "Lon": -75.213682,
        "Lat": 39.936128
      },
      "geometry": {
        "type": "Point",
        "coordinates": [
          -75.213682,
          39.936128
        ]
      }
    },
    {
      "type": "Feature",
      "properties": {
        "FID": 18113,
        "LineAbbr": "T5",
        "Direction": "Westbound",
        "Sequence": 19,
        "StopId": 20900,
        "StopAbbr": "LIN53RSW",
        "StopName": "Lindbergh Blvd & Grays Av",
        "Lon": -75.214429,
        "Lat": 39.935282
      },
      "geometry": {
        "type": "Point",
        "coordinates": [
          -75.214429,
          39.935282
        ]
      }
    },
    {
      "type": "Feature",
      "properties": {
        "FID": 18114,
        "LineAbbr": "T5",
        "Direction": "Westbound",
        "Sequence": 20,
        "StopId": 20901,
        "StopAbbr": "LIN54TSW",
        "StopName": "Lindbergh Blvd & 54th St",
        "Lon": -75.215579,
        "Lat": 39.933588
      },
      "geometry": {
        "type": "Point",
        "coordinates": [
          -75.215579,
          39.933588
        ]
      }
    },
    {
      "type": "Feature",
      "properties": {
        "FID": 18115,
        "LineAbbr": "T5",
        "Direction": "Westbound",
        "Sequence": 21,
        "StopId": 20902,
        "StopAbbr": "ELM56TSW",
        "StopName": "Elmwood Av & 56th St",
        "Lon": -75.217711,
        "Lat": 39.931173
      },
      "geometry": {
        "type": "Point",
        "coordinates": [
          -75.217711,
          39.931173
        ]
      }
    },
    {
      "type": "Feature",
      "properties": {
        "FID": 18116,
        "LineAbbr": "T5",
        "Direction": "Westbound",
        "Sequence": 22,
        "StopId": 20903,
        "StopAbbr": "ELM57TSW",
        "StopName": "Elmwood Av & 57th St",
        "Lon": -75.219202,
        "Lat": 39.930131
      },
      "geometry": {
        "type": "Point",
        "coordinates": [
          -75.219202,
          39.930131
        ]
      }
    },
    {
      "type": "Feature",
      "properties": {
        "FID": 18117,
        "LineAbbr": "T5",
        "Direction": "Westbound",
        "Sequence": 23,
        "StopId": 20904,
        "StopAbbr": "ELM58TSW",
        "StopName": "Elmwood Av & 58th St",
        "Lon": -75.220539,
        "Lat": 39.929152
      },
      "geometry": {
        "type": "Point",
        "coordinates": [
          -75.220539,
          39.929152
        ]
      }
    },
    {
      "type": "Feature",
      "properties": {
        "FID": 18118,
        "LineAbbr": "T5",
        "Direction": "Westbound",
        "Sequence": 24,
        "StopId": 20905,
        "StopAbbr": "ELM59TSW",
        "StopName": "Elmwood Av & 59th St",
        "Lon": -75.221958,
        "Lat": 39.928226
      },
      "geometry": {
        "type": "Point",
        "coordinates": [
          -75.221958,
          39.928226
        ]
      }
    },
    {
      "type": "Feature",
      "properties": {
        "FID": 18119,
        "LineAbbr": "T5",
        "Direction": "Westbound",
        "Sequence": 25,
        "StopId": 20906,
        "StopAbbr": "ELMEDGSW",
        "StopName": "Elmwood Av & Edgewood Av",
        "Lon": -75.22385,
        "Lat": 39.926935
      },
      "geometry": {
        "type": "Point",
        "coordinates": [
          -75.22385,
          39.926935
        ]
      }
    },
    {
      "type": "Feature",
      "properties": {
        "FID": 18120,
        "LineAbbr": "T5",
        "Direction": "Westbound",
        "Sequence": 26,
        "StopId": 20907,
        "StopAbbr": "ELM61SSW",
        "StopName": "Elmwood Av & 61st St",
        "Lon": -75.224844,
        "Lat": 39.926241
      },
      "geometry": {
        "type": "Point",
        "coordinates": [
          -75.224844,
          39.926241
        ]
      }
    },
    {
      "type": "Feature",
      "properties": {
        "FID": 18121,
        "LineAbbr": "T5",
        "Direction": "Westbound",
        "Sequence": 27,
        "StopId": 20908,
        "StopAbbr": "ELM62NSW",
        "StopName": "Elmwood Av & 62nd St",
        "Lon": -75.226441,
        "Lat": 39.925065
      },
      "geometry": {
        "type": "Point",
        "coordinates": [
          -75.226441,
          39.925065
        ]
      }
    },
    {
      "type": "Feature",
      "properties": {
        "FID": 18122,
        "LineAbbr": "T5",
        "Direction": "Westbound",
        "Sequence": 28,
        "StopId": 20909,
        "StopAbbr": "ELM63RSW",
        "StopName": "Elmwood Av & 63rd St",
        "Lon": -75.227671,
        "Lat": 39.924157
      },
      "geometry": {
        "type": "Point",
        "coordinates": [
          -75.227671,
          39.924157
        ]
      }
    },
    {
      "type": "Feature",
      "properties": {
        "FID": 18123,
        "LineAbbr": "T5",
        "Direction": "Westbound",
        "Sequence": 29,
        "StopId": 20910,
        "StopAbbr": "ELM64TSW",
        "StopName": "Elmwood Av & 64th St",
        "Lon": -75.229067,
        "Lat": 39.923204
      },
      "geometry": {
        "type": "Point",
        "coordinates": [
          -75.229067,
          39.923204
        ]
      }
    },
    {
      "type": "Feature",
      "properties": {
        "FID": 18124,
        "LineAbbr": "T5",
        "Direction": "Westbound",
        "Sequence": 30,
        "StopId": 20911,
        "StopAbbr": "ELM65TSW",
        "StopName": "Elmwood Av & 65th St",
        "Lon": -75.230285,
        "Lat": 39.922305
      },
      "geometry": {
        "type": "Point",
        "coordinates": [
          -75.230285,
          39.922305
        ]
      }
    },
    {
      "type": "Feature",
      "properties": {
        "FID": 18125,
        "LineAbbr": "T5",
        "Direction": "Westbound",
        "Sequence": 31,
        "StopId": 20912,
        "StopAbbr": "ELM66TSW",
        "StopName": "Elmwood Av & 66th St",
        "Lon": -75.231562,
        "Lat": 39.921432
      },
      "geometry": {
        "type": "Point",
        "coordinates": [
          -75.231562,
          39.921432
        ]
      }
    },
    {
      "type": "Feature",
      "properties": {
        "FID": 18126,
        "LineAbbr": "T5",
        "Direction": "Westbound",
        "Sequence": 32,
        "StopId": 20913,
        "StopAbbr": "ELM67TSW",
        "StopName": "Elmwood Av & 67th St",
        "Lon": -75.23284,
        "Lat": 39.920524
      },
      "geometry": {
        "type": "Point",
        "coordinates": [
          -75.23284,
          39.920524
        ]
      }
    },
    {
      "type": "Feature",
      "properties": {
        "FID": 18127,
        "LineAbbr": "T5",
        "Direction": "Westbound",
        "Sequence": 33,
        "StopId": 20914,
        "StopAbbr": "ELM68TSW",
        "StopName": "Elmwood Av & 68th St",
        "Lon": -75.234401,
        "Lat": 39.919446
      },
      "geometry": {
        "type": "Point",
        "coordinates": [
          -75.234401,
          39.919446
        ]
      }
    },
    {
      "type": "Feature",
      "properties": {
        "FID": 18128,
        "LineAbbr": "T5",
        "Direction": "Westbound",
        "Sequence": 34,
        "StopId": 20915,
        "StopAbbr": "ELM69TSW",
        "StopName": "Elmwood Av & 69th St",
        "Lon": -75.236056,
        "Lat": 39.918297
      },
      "geometry": {
        "type": "Point",
        "coordinates": [
          -75.236056,
          39.918297
        ]
      }
    },
    {
      "type": "Feature",
      "properties": {
        "FID": 18129,
        "LineAbbr": "T5",
        "Direction": "Westbound",
        "Sequence": 35,
        "StopId": 20916,
        "StopAbbr": "ELM70TSW",
        "StopName": "Elmwood Av & 70th St",
        "Lon": -75.237428,
        "Lat": 39.917327
      },
      "geometry": {
        "type": "Point",
        "coordinates": [
          -75.237428,
          39.917327
        ]
      }
    },
    {
      "type": "Feature",
      "properties": {
        "FID": 18130,
        "LineAbbr": "T5",
        "Direction": "Westbound",
        "Sequence": 36,
        "StopId": 20917,
        "StopAbbr": "ELM71SSW",
        "StopName": "Elmwood Av & 71st St",
        "Lon": -75.238965,
        "Lat": 39.916249
      },
      "geometry": {
        "type": "Point",
        "coordinates": [
          -75.238965,
          39.916249
        ]
      }
    },
    {
      "type": "Feature",
      "properties": {
        "FID": 18131,
        "LineAbbr": "T5",
        "Direction": "Westbound",
        "Sequence": 37,
        "StopId": 20918,
        "StopAbbr": "ELM72NSW",
        "StopName": "Elmwood Av & 72nd St",
        "Lon": -75.240349,
        "Lat": 39.915305
      },
      "geometry": {
        "type": "Point",
        "coordinates": [
          -75.240349,
          39.915305
        ]
      }
    },
    {
      "type": "Feature",
      "properties": {
        "FID": 18132,
        "LineAbbr": "T5",
        "Direction": "Westbound",
        "Sequence": 38,
        "StopId": 610,
        "StopAbbr": "ELM73RSW",
        "StopName": "Elmwood Av & 73rd St",
        "Lon": -75.241732,
        "Lat": 39.914335
      },
      "geometry": {
        "type": "Point",
        "coordinates": [
          -75.241732,
          39.914335
        ]
      }
    },
    {
      "type": "Feature",
      "properties": {
        "FID": 18133,
        "LineAbbr": "T5",
        "Direction": "Westbound",
        "Sequence": 39,
        "StopId": 20919,
        "StopAbbr": "ELMISLSW",
        "StopName": "Elmwood Av & Island Av",
        "Lon": -75.243092,
        "Lat": 39.913284
      },
      "geometry": {
        "type": "Point",
        "coordinates": [
          -75.243092,
          39.913284
        ]
      }
    },
    {
      "type": "Feature",
      "properties": {
        "FID": 18134,
        "LineAbbr": "T5",
        "Direction": "Westbound",
        "Sequence": 40,
        "StopId": 611,
        "StopAbbr": "ELMLOOWE",
        "StopName": "Elmwood Loop",
        "Lon": -75.242642,
        "Lat": 39.914015
      },
      "geometry": {
        "type": "Point",
        "coordinates": [
          -75.242642,
          39.914015
        ]
      }
    },
    {
      "type": "Feature",
      "properties": {
        "FID": 18135,
        "LineAbbr": "T5",
        "Direction": "Westbound",
        "Sequence": 41,
        "StopId": 20920,
        "StopAbbr": "ISLBUISO",
        "StopName": "Island Av & Buist Av - FS",
        "Lon": -75.242744,
        "Lat": 39.911195
      },
      "geometry": {
        "type": "Point",
        "coordinates": [
          -75.242744,
          39.911195
        ]
      }
    },
    {
      "type": "Feature",
      "properties": {
        "FID": 18136,
        "LineAbbr": "T5",
        "Direction": "Westbound",
        "Sequence": 42,
        "StopId": 20921,
        "StopAbbr": "ISLTANSO",
        "StopName": "Island Av & Tanager St",
        "Lon": -75.2421,
        "Lat": 39.909132
      },
      "geometry": {
        "type": "Point",
        "coordinates": [
          -75.2421,
          39.909132
        ]
      }
    },
    {
      "type": "Feature",
      "properties": {
        "FID": 18137,
        "LineAbbr": "T5",
        "Direction": "Westbound",
        "Sequence": 43,
        "StopId": 20922,
        "StopAbbr": "ISL76TSO",
        "StopName": "Island Av & 76th St",
        "Lon": -75.24155,
        "Lat": 39.907391
      },
      "geometry": {
        "type": "Point",
        "coordinates": [
          -75.24155,
          39.907391
        ]
      }
    },
    {
      "type": "Feature",
      "properties": {
        "FID": 18138,
        "LineAbbr": "T5",
        "Direction": "Westbound",
        "Sequence": 44,
        "StopId": 20923,
        "StopAbbr": "ISLLINSO",
        "StopName": "Island Av & Lindbergh Blvd",
        "Lon": -75.240403,
        "Lat": 39.903855
      },
      "geometry": {
        "type": "Point",
        "coordinates": [
          -75.240403,
          39.903855
        ]
      }
    },
    {
      "type": "Feature",
      "properties": {
        "FID": 18139,
        "LineAbbr": "T5",
        "Direction": "Westbound",
        "Sequence": 45,
        "StopId": 24738,
        "StopAbbr": "ISLSUFSO",
        "StopName": "Island Av & Suffolk Av - M",
        "Lon": -75.239352,
        "Lat": 39.899525
      },
      "geometry": {
        "type": "Point",
        "coordinates": [
          -75.239352,
          39.899525
        ]
      }
    },
    {
      "type": "Feature",
      "properties": {
        "FID": 18140,
        "LineAbbr": "T5",
        "Direction": "Westbound",
        "Sequence": 46,
        "StopId": 612,
        "StopAbbr": "EASLOOSO",
        "StopName": "80th St/Eastwick",
        "Lon": -75.23926,
        "Lat": 39.898748
      },
      "geometry": {
        "type": "Point",
        "coordinates": [
          -75.23926,
          39.898748
        ]
      }
    }
  ]
}
